type,name,module,path,hash
"csv","agent-manifest","_config","_config/agent-manifest.csv","7d2062d798ab926c5645580da457d5aeb9cb2d3a63087763b5e28a79bbe594f4"
"csv","task-manifest","_config","_config/task-manifest.csv","d01553459f875d4fc5a3faebe6a9cd9d222533cf29bb4373cf3a91a19cca17c0"
"csv","workflow-manifest","_config","_config/workflow-manifest.csv","3ab806b3259295e9203e07d28b9e9c33baead8d026d0ba7de9fa40d74e7ca539"
"yaml","manifest","_config","_config/manifest.yaml","d00525f04b82c2a48b0b7c3b023632abcb6d993e21d3f47df829797f2a866bc0"
"md","documentation-standards","_memory","_memory/tech-writer-sidecar/documentation-standards.md","b046192ee42fcd1a3e9b2ae6911a0db38510323d072c8d75bad0594f943039e4"
"yaml","config","_memory","_memory/config.yaml","44158697c8a4981774d637bb7b48bf1f1e3dcb097b6d7a6bc9d6e02e38603c3c"
"csv","module-help","bmb","bmb/module-help.csv","dec9ec6357dfc42050e1a38538b32cfe69acd4a0e867766ef7b71671b7d0db31"
"json","bmad-manifest","bmb","bmb/skills/bmad-agent-builder/bmad-manifest.json","099f0ee89593c7facccfb7fde3938e6c524da6ac0e19cba8cf975f27d2bcc97f"
"json","bmad-manifest","bmb","bmb/skills/bmad-workflow-builder/bmad-manifest.json","4784682fde6d34b5eafdd33e763060164209bc606402f991a0468aac1b30b6a5"
"json","bmad-manifest-schema","bmb","bmb/skills/bmad-agent-builder/scripts/bmad-manifest-schema.json","72be9fef6d1d9f1fd709c0bb8e92166db30c65cf272830f67cf64af5a5b317fa"
"json","bmad-manifest-schema","bmb","bmb/skills/bmad-workflow-builder/scripts/bmad-manifest-schema.json","72be9fef6d1d9f1fd709c0bb8e92166db30c65cf272830f67cf64af5a5b317fa"
"md","autonomous-wake","bmb","bmb/skills/bmad-agent-builder/assets/autonomous-wake.md","015eb8ac34c275112703549074a0b8e5bdd643b5c9baffe86a3f4ca2d36ba864"
"md","build-process","bmb","bmb/skills/bmad-agent-builder/build-process.md","afa4d2ab2d1f68d94b671924f70d793c0a1ffe84ccff2ec1d352642163541b0f"
"md","build-process","bmb","bmb/skills/bmad-workflow-builder/build-process.md","13b0b883cd3826dd5962945d4efe810a62f091af7df7f7aea8c926724e5416b2"
"md","classification-reference","bmb","bmb/skills/bmad-workflow-builder/references/classification-reference.md","76d104cda828c181af2ff83f37aaa21f781b8ebfbc1d334563b5a4a0ad79bcb5"
"md","complex-workflow-patterns","bmb","bmb/skills/bmad-workflow-builder/references/complex-workflow-patterns.md","eb0c0e6a13727414702d1a15a281294b0b749caa10b2c10e88c2cc8949408651"
"md","init-template","bmb","bmb/skills/bmad-agent-builder/assets/init-template.md","48fa7914ae7ae863d732fed1f27cbb18277dc31e88d62ebce26d98e01cd826f5"
"md","memory-system","bmb","bmb/skills/bmad-agent-builder/assets/memory-system.md","92b0c8225050dc75e8d43ad0340d0887e4820eb9840f3557938e5d228018d494"
"md","metadata-reference","bmb","bmb/skills/bmad-agent-builder/references/metadata-reference.md","256c5dfc18cb5c31a53886fc6343085393afe373fe1a45276a146d476e911eb4"
"md","metadata-reference","bmb","bmb/skills/bmad-workflow-builder/references/metadata-reference.md","495597f770defbc9477ed4aba53344173b1fcc690259b9c1e9313658ccc734fa"
"md","quality-dimensions","bmb","bmb/skills/bmad-agent-builder/references/quality-dimensions.md","3073aa84540adc3d71346b77d8314edf3e19ca4baba8ba1f1fcc0b9001dfe971"
"md","quality-dimensions","bmb","bmb/skills/bmad-workflow-builder/references/quality-dimensions.md","357d05e26231cbf7cf15d1fd8517c48e00879282a5b90f05f1fdb8ad3d9485eb"
"md","quality-optimizer","bmb","bmb/skills/bmad-agent-builder/quality-optimizer.md","b059fedab41340b549ed3e12d74fc57739bbd96366be5435db2b2633a9a19d32"
"md","quality-optimizer","bmb","bmb/skills/bmad-workflow-builder/quality-optimizer.md","9d992ffd5d86458ad77f9c123b6aeaaa8e65124f710ea6efc4d3d8b5d5aa82a8"
"md","quality-report-template","bmb","bmb/skills/bmad-agent-builder/assets/quality-report-template.md","e450050d9daebfe0c047f89a74e2fcc9ca103ad217916ff103e1202bf5d43ef7"
"md","quality-report-template","bmb","bmb/skills/bmad-workflow-builder/assets/quality-report-template.md","314073e1223906c5814752886857b218d346e282bc736eadac1580110b93ce46"
"md","quality-scan-agent-cohesion","bmb","bmb/skills/bmad-agent-builder/quality-scan-agent-cohesion.md","38f7bc9ab7dcc9391b181ec04a31fe92fd4ea0e957af036b0b5cc8161a4a0ed2"
"md","quality-scan-enhancement-opportunities","bmb","bmb/skills/bmad-agent-builder/quality-scan-enhancement-opportunities.md","5a8dc8a644f4fac547a736eb37b4d39b350d5057a483d389e0e8278eaf5534f1"
"md","quality-scan-enhancement-opportunities","bmb","bmb/skills/bmad-workflow-builder/quality-scan-enhancement-opportunities.md","2abfde391b066b7a69c79f0771244103d1fc9f8413115af8267c29cd496a4255"
"md","quality-scan-execution-efficiency","bmb","bmb/skills/bmad-agent-builder/quality-scan-execution-efficiency.md","813d14b9eb197bf7af721bba19fb82513bff8d3b31587ce07f2c2de53ad4b3e2"
"md","quality-scan-execution-efficiency","bmb","bmb/skills/bmad-workflow-builder/quality-scan-execution-efficiency.md","c27c4fb568adf28268d141336c0e2fb2974ce6e7ec12f28669f3d3b597a539be"
"md","quality-scan-prompt-craft","bmb","bmb/skills/bmad-agent-builder/quality-scan-prompt-craft.md","43e45aaff625335589ca3b8054596ca18d14f2f43e344065ecbd36845d7f84d0"
"md","quality-scan-prompt-craft","bmb","bmb/skills/bmad-workflow-builder/quality-scan-prompt-craft.md","88a85b322ce28b1e64252c48eab44fa6b92f8338736282961e7b64e3183bc52d"
"md","quality-scan-script-opportunities","bmb","bmb/skills/bmad-agent-builder/quality-scan-script-opportunities.md","9f6af71420b8415003092e5114d29fb77eeeb3a088d9245e50149c3600400ef9"
"md","quality-scan-script-opportunities","bmb","bmb/skills/bmad-workflow-builder/quality-scan-script-opportunities.md","497defd4436ac0b6aca3733f7b47adcc220e08f74c9861261e9c2808d7d352b6"
"md","quality-scan-skill-cohesion","bmb","bmb/skills/bmad-workflow-builder/quality-scan-skill-cohesion.md","f346808dd79ef3ab3958c7b6d980b236eacafe9fe2a812765e6e6bc000acc310"
"md","quality-scan-structure","bmb","bmb/skills/bmad-agent-builder/quality-scan-structure.md","518e9fd74c2df3aac921e99ef545dac5ee8a925f0b54ef79a758ab795ec7fde2"
"md","quality-scan-workflow-integrity","bmb","bmb/skills/bmad-workflow-builder/quality-scan-workflow-integrity.md","603b5e305f3ed2a423ef2d3b5b88518e2e55b25259653337e4841199c57e6a2b"
"md","report-quality-scan-creator","bmb","bmb/skills/bmad-agent-builder/report-quality-scan-creator.md","77276e170354bd610a65e0082dd9f76339d3b3f9fdd9e8ddfbdba4d20e4fe796"
"md","report-quality-scan-creator","bmb","bmb/skills/bmad-workflow-builder/report-quality-scan-creator.md","68b15427cda2c679e617da0990b9b8738ceafbe061e9fd8dd220466570092787"
"md","save-memory","bmb","bmb/skills/bmad-agent-builder/assets/save-memory.md","62df6b249e4ec3f7e5f4dac21b9b38e80c6f27857dbcad2a3d483844255d1b89"
"md","script-opportunities-reference","bmb","bmb/skills/bmad-agent-builder/references/script-opportunities-reference.md","21fdc0393a76949c9fce90e8360ec78239c8aed76e46dab46ef69186d91c132b"
"md","script-opportunities-reference","bmb","bmb/skills/bmad-workflow-builder/references/script-opportunities-reference.md","2ce26c8b53ccc9363ffad174690ee945d59b4937a27df75979d3f2308243f7ed"
"md","SKILL","bmb","bmb/skills/bmad-agent-builder/SKILL.md","f976a690864655998b198a49e4ebc653d57cb0c2f9aa441d23643f35f3bef67b"
"md","SKILL","bmb","bmb/skills/bmad-workflow-builder/SKILL.md","3d36aef4c96b5165e894f80f0a09a3390454ebbf4c945095cc7b79976eea6b4a"
"md","skill-best-practices","bmb","bmb/skills/bmad-agent-builder/references/skill-best-practices.md","e1ab1fe398986ac3125dd4f5909f69d362b16343494a857478e7f12af1f2687e"
"md","skill-best-practices","bmb","bmb/skills/bmad-workflow-builder/references/skill-best-practices.md","bb9e037846a5ef90321947a57a4028a498b97d5fe552683c85fbc5377bec7de0"
"md","SKILL-template","bmb","bmb/skills/bmad-agent-builder/assets/SKILL-template.md","9d7589403a6c0ff3270a3a4e87631f4c7900de12fe5275e1de2b131f6c9e1b21"
"md","SKILL-template","bmb","bmb/skills/bmad-workflow-builder/assets/SKILL-template.md","5c50d49d57815934f93adf50bd955d1d985fe8010470713739a1f7aafd9063ef"
"md","standard-fields","bmb","bmb/skills/bmad-agent-builder/references/standard-fields.md","ccc8731288867da2ff7e8a0d6baec29521c6363c744a9a31f8093e8b4fc40cd4"
"md","standard-fields","bmb","bmb/skills/bmad-workflow-builder/references/standard-fields.md","74fc61bdf0df3a4d717c0dbd93a400d17ad989c7d79e64ad660856c1a422b4ed"
"md","template-substitution-rules","bmb","bmb/skills/bmad-agent-builder/references/template-substitution-rules.md","734f7783594c6e74097419c15415a350a487d199a081accbcfd85ef9ece786b6"
"md","template-substitution-rules","bmb","bmb/skills/bmad-workflow-builder/references/template-substitution-rules.md","186bd399c88cdbc34a66eac5b76a85f45519c180106ab57b645950298766e8fc"
"md","universal-scan-schema","bmb","bmb/skills/bmad-agent-builder/references/universal-scan-schema.md","671de7362138ba0a9b2da22cfc85e5b86f4e7f4b0f48c53664e166db97f2e631"
"md","universal-scan-schema","bmb","bmb/skills/bmad-workflow-builder/references/universal-scan-schema.md","671de7362138ba0a9b2da22cfc85e5b86f4e7f4b0f48c53664e166db97f2e631"
"py","generate-html-report","bmb","bmb/skills/bmad-agent-builder/scripts/generate-html-report.py","ed3c44a5bd9684b9dcc18379e95e9cb0f30772645251eb0892bda73b4a7f5ae9"
"py","generate-html-report","bmb","bmb/skills/bmad-workflow-builder/scripts/generate-html-report.py","ed3c44a5bd9684b9dcc18379e95e9cb0f30772645251eb0892bda73b4a7f5ae9"
"py","manifest","bmb","bmb/skills/bmad-agent-builder/scripts/manifest.py","b08ca07a4e1ce26554f9df4acfa087071c05b377ec4293847d00ec135ecec361"
"py","manifest","bmb","bmb/skills/bmad-workflow-builder/scripts/manifest.py","b654da554db134054c6fcf8eee0468f11fdf99502d7263162bd6f5489920279e"
"py","prepass-execution-deps","bmb","bmb/skills/bmad-agent-builder/scripts/prepass-execution-deps.py","8030638fc9a82e810b4b0e054b8631f68eed7001d5c8994ee47515a3a40feb4d"
"py","prepass-execution-deps","bmb","bmb/skills/bmad-workflow-builder/scripts/prepass-execution-deps.py","846c773d254a6df2c85e58b5b892b0c2fdaf5adc63acc49de0015b48b23f201f"
"py","prepass-prompt-metrics","bmb","bmb/skills/bmad-agent-builder/scripts/prepass-prompt-metrics.py","3e90a046fad2fff34738dfcd54023c9ec060193b52f8c4cf8891d0221273d2a5"
"py","prepass-prompt-metrics","bmb","bmb/skills/bmad-workflow-builder/scripts/prepass-prompt-metrics.py","c64a3f92520342c1c7e022eca6882b9a1bee4e6d1354a2fa6d742b5a1e4830ef"
"py","prepass-structure-capabilities","bmb","bmb/skills/bmad-agent-builder/scripts/prepass-structure-capabilities.py","8c9122a9ce08d782de3d758ca1567d7dd53516e7e15eb558d795aa3c6558a04c"
"py","prepass-workflow-integrity","bmb","bmb/skills/bmad-workflow-builder/scripts/prepass-workflow-integrity.py","63286a163c251b796790abaf335c7240eab7d48e4abedc0e7a96500ac1f16a53"
"py","scan-path-standards","bmb","bmb/skills/bmad-agent-builder/scripts/scan-path-standards.py","fd712d858324adfd70928687eff75117606084eb49e6cd69ea3f789d9f3c9b0b"
"py","scan-path-standards","bmb","bmb/skills/bmad-workflow-builder/scripts/scan-path-standards.py","7da1facc7d19a284c2689ee089eb83656793dd48625ce579ed4cedbaf481a1fe"
"py","scan-scripts","bmb","bmb/skills/bmad-agent-builder/scripts/scan-scripts.py","d615afcff675655a60e5c9772c4a45aa4b97caac1ca8e1d81dab0b82bf95269b"
"py","scan-scripts","bmb","bmb/skills/bmad-workflow-builder/scripts/scan-scripts.py","d615afcff675655a60e5c9772c4a45aa4b97caac1ca8e1d81dab0b82bf95269b"
"yaml","bmad-skill-manifest","bmb","bmb/skills/bmad-agent-builder/bmad-skill-manifest.yaml","fba78c307309490c064510a2d87d29e608120d600a705fd1d6b110adbdb68e63"
"yaml","bmad-skill-manifest","bmb","bmb/skills/bmad-workflow-builder/bmad-skill-manifest.yaml","fba78c307309490c064510a2d87d29e608120d600a705fd1d6b110adbdb68e63"
"yaml","config","bmb","bmb/config.yaml","1fc10699b4c1dae24af5b90a18b0fa220097dd2901960aebf30b129f13a6229a"
"csv","default-party","bmm","bmm/teams/default-party.csv","5af107a5b9e9092aeb81bd8c8b9bbe7003afb7bc500e64d56da7cc27ae0c4a6e"
"csv","documentation-requirements","bmm","bmm/workflows/bmad-document-project/documentation-requirements.csv","d1253b99e88250f2130516b56027ed706e643bfec3d99316727a4c6ec65c6c1d"
"csv","domain-complexity","bmm","bmm/workflows/2-plan-workflows/bmad-validate-prd/data/domain-complexity.csv","f775f09fb4dc1b9214ca22db4a3994ce53343d976d7f6e5384949835db6d2770"
"csv","domain-complexity","bmm","bmm/workflows/2-plan-workflows/create-prd/data/domain-complexity.csv","f775f09fb4dc1b9214ca22db4a3994ce53343d976d7f6e5384949835db6d2770"
"csv","domain-complexity","bmm","bmm/workflows/3-solutioning/bmad-create-architecture/data/domain-complexity.csv","3dc34ed39f1fc79a51f7b8fc92087edb7cd85c4393a891d220f2e8dd5a101c70"
"csv","module-help","bmm","bmm/module-help.csv","fb0af1dca0d50b86687d16e8cb486860aa4458c0874e72ab6ea113ae653c3786"
"csv","project-types","bmm","bmm/workflows/2-plan-workflows/bmad-validate-prd/data/project-types.csv","7a01d336e940fb7a59ff450064fd1194cdedda316370d939264a0a0adcc0aca3"
"csv","project-types","bmm","bmm/workflows/2-plan-workflows/create-prd/data/project-types.csv","7a01d336e940fb7a59ff450064fd1194cdedda316370d939264a0a0adcc0aca3"
"csv","project-types","bmm","bmm/workflows/3-solutioning/bmad-create-architecture/data/project-types.csv","12343635a2f11343edb1d46906981d6f5e12b9cad2f612e13b09460b5e5106e7"
"json","bmad-manifest","bmm","bmm/workflows/1-analysis/bmad-product-brief-preview/bmad-manifest.json","692d2c28e128e5b79ec9e321e8106fa34a314bf8f5581d7ab99b876d2d3ab070"
"json","project-scan-report-schema","bmm","bmm/workflows/bmad-document-project/templates/project-scan-report-schema.json","8466965321f1db22f5013869636199f67e0113706283c285a7ffbbf5efeea321"
"md","architecture-decision-template","bmm","bmm/workflows/3-solutioning/bmad-create-architecture/architecture-decision-template.md","5d9adf90c28df61031079280fd2e49998ec3b44fb3757c6a202cda353e172e9f"
"md","artifact-analyzer","bmm","bmm/workflows/1-analysis/bmad-product-brief-preview/agents/artifact-analyzer.md","dcd8c4bb367fa48ff99c26565d164323b2ae057b09642ba7d1fda1683262be2d"
"md","brief-template","bmm","bmm/workflows/1-analysis/bmad-product-brief-preview/resources/brief-template.md","d42f0ef6b154b5c314090be393febabd61de3d8de1ecf926124d40d418552b4b"
"md","checklist","bmm","bmm/workflows/4-implementation/bmad-correct-course/checklist.md","d068cfc00d8e4a6bb52172a90eb2e7a47f2441ffb32cdee15eeca220433284a3"
"md","checklist","bmm","bmm/workflows/4-implementation/bmad-create-story/checklist.md","b94e28e774c3be0288f04ea163424bece4ddead5cd3f3680d1603ed07383323a"
"md","checklist","bmm","bmm/workflows/4-implementation/bmad-dev-story/checklist.md","630b68c6824a8785003a65553c1f335222b17be93b1bd80524c23b38bde1d8af"
"md","checklist","bmm","bmm/workflows/4-implementation/bmad-sprint-planning/checklist.md","80b10aedcf88ab1641b8e5f99c9a400c8fd9014f13ca65befc5c83992e367dd7"
"md","checklist","bmm","bmm/workflows/bmad-document-project/checklist.md","581b0b034c25de17ac3678db2dbafedaeb113de37ddf15a4df6584cf2324a7d7"
"md","checklist","bmm","bmm/workflows/bmad-qa-generate-e2e-tests/checklist.md","83cd779c6527ff34184dc86f9eebfc0a8a921aee694f063208aee78f80a8fb12"
"md","contextual-discovery","bmm","bmm/workflows/1-analysis/bmad-product-brief-preview/prompts/contextual-discovery.md","96e1cbe24bece94e8a81b7966cb2dd470472aded69dcf906f4251db74dd72a03"
"md","deep-dive-instructions","bmm","bmm/workflows/bmad-document-project/workflows/deep-dive-instructions.md","da91056a0973a040fe30c2c0be074e5805b869a9a403b960983157e876427306"
"md","deep-dive-template","bmm","bmm/workflows/bmad-document-project/templates/deep-dive-template.md","6198aa731d87d6a318b5b8d180fc29b9aa53ff0966e02391c17333818e94ffe9"
"md","deep-dive-workflow","bmm","bmm/workflows/bmad-document-project/workflows/deep-dive-workflow.md","a64d98dfa3b771df2853c4fa19a4e9c90d131e409e13b4c6f5e494d6ac715125"
"md","discover-inputs","bmm","bmm/workflows/4-implementation/bmad-create-story/discover-inputs.md","dfedba6a8ea05c9a91c6d202c4b29ee3ea793d8ef77575034787ae0fef280507"
"md","draft-and-review","bmm","bmm/workflows/1-analysis/bmad-product-brief-preview/prompts/draft-and-review.md","ab191df10103561a9ab7ed5c8f29a8ec4fce25e4459da8e9f3ec759f236f4976"
"md","epics-template","bmm","bmm/workflows/3-solutioning/bmad-create-epics-and-stories/templates/epics-template.md","a804f740155156d89661fa04e7a4264a8f712c4dc227c44fd8ae804a9b0f6b72"
"md","finalize","bmm","bmm/workflows/1-analysis/bmad-product-brief-preview/prompts/finalize.md","ca6d125ff9b536c9e7737c7b4a308ae4ec622ee7ccdc6c4c4abc8561089295ee"
"md","full-scan-instructions","bmm","bmm/workflows/bmad-document-project/workflows/full-scan-instructions.md","0544abae2476945168acb0ed48dd8b3420ae173cf46194fe77d226b3b5e7d7ae"
"md","full-scan-workflow","bmm","bmm/workflows/bmad-document-project/workflows/full-scan-workflow.md","3bff88a392c16602bd44730f32483505e73e65e46e82768809c13a0a5f55608b"
"md","guided-elicitation","bmm","bmm/workflows/1-analysis/bmad-product-brief-preview/prompts/guided-elicitation.md","445b7fafb5c1c35a238958d015d413c71ebb8fd3e29dc59d9d68fb581546ee54"
"md","index-template","bmm","bmm/workflows/bmad-document-project/templates/index-template.md","42c8a14f53088e4fda82f26a3fe41dc8a89d4bcb7a9659dd696136378b64ee90"
"md","instructions","bmm","bmm/workflows/bmad-document-project/instructions.md","9f4bc3a46559ffd44289b0d61a0f8f26f829783aa1c0e2a09dfa807fa93eb12f"
"md","opportunity-reviewer","bmm","bmm/workflows/1-analysis/bmad-product-brief-preview/agents/opportunity-reviewer.md","3b6d770c45962397bfecce5d4b001b03fc0e577aa75f7932084b56efe41edc07"
"md","prd-purpose","bmm","bmm/workflows/2-plan-workflows/bmad-validate-prd/data/prd-purpose.md","49c4641b91504bb14e3887029b70beacaff83a2de200ced4f8cb11c1356ecaee"
"md","prd-purpose","bmm","bmm/workflows/2-plan-workflows/create-prd/data/prd-purpose.md","49c4641b91504bb14e3887029b70beacaff83a2de200ced4f8cb11c1356ecaee"
"md","product-brief.template","bmm","bmm/workflows/1-analysis/bmad-create-product-brief/product-brief.template.md","6ac4dc09b974bb8a75d7de999176277ffca164b09e9bdb0f409a83c7795335fd"
"md","project-context-template","bmm","bmm/data/project-context-template.md","facd60b71649247146700b1dc7d709fa0ae09487f7cf2b5ff8f5ce1b3a8427e8"
"md","project-context-template","bmm","bmm/workflows/bmad-generate-project-context/project-context-template.md","54e351394ceceb0ac4b5b8135bb6295cf2c37f739c7fd11bb895ca16d79824a5"
"md","project-overview-template","bmm","bmm/workflows/bmad-document-project/templates/project-overview-template.md","a7c7325b75a5a678dca391b9b69b1e3409cfbe6da95e70443ed3ace164e287b2"
"md","readiness-report-template","bmm","bmm/workflows/3-solutioning/bmad-check-implementation-readiness/templates/readiness-report-template.md","0da97ab1e38818e642f36dc0ef24d2dae69fc6e0be59924dc2dbf44329738ff6"
"md","research.template","bmm","bmm/workflows/1-analysis/research/bmad-domain-research/research.template.md","507bb6729476246b1ca2fca4693986d286a33af5529b6cd5cb1b0bb5ea9926ce"
"md","research.template","bmm","bmm/workflows/1-analysis/research/bmad-market-research/research.template.md","507bb6729476246b1ca2fca4693986d286a33af5529b6cd5cb1b0bb5ea9926ce"
"md","research.template","bmm","bmm/workflows/1-analysis/research/bmad-technical-research/research.template.md","507bb6729476246b1ca2fca4693986d286a33af5529b6cd5cb1b0bb5ea9926ce"
"md","research.template","bmm","bmm/workflows/1-analysis/research/research.template.md","507bb6729476246b1ca2fca4693986d286a33af5529b6cd5cb1b0bb5ea9926ce"
"md","skeptic-reviewer","bmm","bmm/workflows/1-analysis/bmad-product-brief-preview/agents/skeptic-reviewer.md","fc1642dff30b49032db63f6518c5b34d3932c9efefaea2681186eb963b207b97"
"md","SKILL","bmm","bmm/workflows/1-analysis/bmad-create-product-brief/SKILL.md","154b6404ccf3113b030808907711ff9c0332b2e2b87b4d6fac3e7b2877a65f74"
"md","SKILL","bmm","bmm/workflows/1-analysis/bmad-product-brief-preview/SKILL.md","639cda59993b8c11bb3d2364d1c6778446bdb6ab43e73258a03ba67094ce3025"
"md","SKILL","bmm","bmm/workflows/1-analysis/research/bmad-domain-research/SKILL.md","0b6db1a213822a1347f4d8ccde0c68e468c5c1d53f783e25ab8c4d2c5f56a646"
"md","SKILL","bmm","bmm/workflows/1-analysis/research/bmad-market-research/SKILL.md","10418839dc2ea3ee32215cf401b9098590f3a3437e76b1e72b4c24edd3562be0"
"md","SKILL","bmm","bmm/workflows/1-analysis/research/bmad-technical-research/SKILL.md","1f3d94b202b3888ffafccca6fc1f76e7554628c88ea5f76e12d206ba9f8f55aa"
"md","SKILL","bmm","bmm/workflows/2-plan-workflows/bmad-create-ux-design/SKILL.md","ef05bacf1fbb599bd87b2780f6a5f85cfc3b4ab7e7eb2c0f5376899a1663c5a5"
"md","SKILL","bmm","bmm/workflows/2-plan-workflows/bmad-edit-prd/SKILL.md","d18f34c8efcaeb90204989c79f425585d0e872ac02f231f3832015b100d0d04b"
"md","SKILL","bmm","bmm/workflows/2-plan-workflows/bmad-validate-prd/SKILL.md","34241cb23b07aae6e931899abb998974ccdb1a2586c273f2f448aff8a0407c52"
"md","SKILL","bmm","bmm/workflows/3-solutioning/bmad-check-implementation-readiness/SKILL.md","307f083fc05c9019b5e12317576965acbcfbd4774cf64ef56c7afcb15d00a199"
"md","SKILL","bmm","bmm/workflows/3-solutioning/bmad-create-architecture/SKILL.md","ed60779d105d4d55f9d182fcdfd4a48b361330cd15120fef8b9d8a2a2432e3bf"
"md","SKILL","bmm","bmm/workflows/3-solutioning/bmad-create-epics-and-stories/SKILL.md","ec3675d2ab763e7050e5cc2975326b4a37c68ebbc2f4d27458d552f4071939d4"
"md","SKILL","bmm","bmm/workflows/4-implementation/bmad-code-review/SKILL.md","baca10e0257421b41bb07dc23cd4768e57f55f1aebe7b19e702d0b77a7f39a01"
"md","SKILL","bmm","bmm/workflows/4-implementation/bmad-correct-course/SKILL.md","400a2fd76a3818b9023a1a69a6237c20b93b5dd51dce1d507a38c10baaaba8cd"
"md","SKILL","bmm","bmm/workflows/4-implementation/bmad-create-story/SKILL.md","b1d6b9fbfee53246b46ae1096ada624d1e60c21941e2054fee81c46e1ec079d5"
"md","SKILL","bmm","bmm/workflows/4-implementation/bmad-dev-story/SKILL.md","60df7fead13be7cc33669f34fe4d929d95655f8e839f7e5cd5bb715313e17133"
"md","SKILL","bmm","bmm/workflows/4-implementation/bmad-retrospective/SKILL.md","d5bfc70a01ac9f131716827b5345cf3f7bfdda562c7c66ea2c7a7bd106f44e23"
"md","SKILL","bmm","bmm/workflows/4-implementation/bmad-sprint-planning/SKILL.md","7b5f68dcf95c8c9558bda0e4ba55637b0e8f9254577d7ac28072bb9f22c63d94"
"md","SKILL","bmm","bmm/workflows/4-implementation/bmad-sprint-status/SKILL.md","fc393cadb4a05050cb847471babbc10ecb65f0cb85da6e61c2cec65bb5dfc73d"
"md","SKILL","bmm","bmm/workflows/bmad-document-project/SKILL.md","f4020613aec74bfeed2661265df35bb8a6f5ef9478c013182e6b5493bed5ce75"
"md","SKILL","bmm","bmm/workflows/bmad-generate-project-context/SKILL.md","504447984a6c5ea30a14e4dacdd6627dc6bec67d6d51eddd2f328d74db8e6a82"
"md","SKILL","bmm","bmm/workflows/bmad-qa-generate-e2e-tests/SKILL.md","2915faf44ebc7bb2783c206bf1e4b82bbff6b35651aa01e33b270ab244ce2dc6"
"md","SKILL","bmm","bmm/workflows/bmad-quick-flow/bmad-quick-dev/SKILL.md","ea5c5f23cfa19bc132b568ecd516e7c075ffd101fd2f9139dee6413333c9da4d"
"md","SKILL","bmm","bmm/workflows/bmad-quick-flow/bmad-quick-dev-new-preview/SKILL.md","85126707c672676f09e9a1c955bf7dfb08507be41e47a3c59b4fa065d021ab50"
"md","SKILL","bmm","bmm/workflows/bmad-quick-flow/bmad-quick-spec/SKILL.md","4b79390ffba764261ff6d2d3002a7faa830a2c89662c7e4cd1c92d9add8b9507"
"md","source-tree-template","bmm","bmm/workflows/bmad-document-project/templates/source-tree-template.md","109bc335ebb22f932b37c24cdc777a351264191825444a4d147c9b82a1e2ad7a"
"md","step-01-clarify-and-route","bmm","bmm/workflows/bmad-quick-flow/bmad-quick-dev-new-preview/steps/step-01-clarify-and-route.md","47044d33b3c004016ad09e29af90c9c99b132ecdab1000e927c2e3a057b28265"
"md","step-01-discover","bmm","bmm/workflows/bmad-generate-project-context/steps/step-01-discover.md","8b2c8c7375f8a3c28411250675a28c0d0a9174e6c4e67b3d53619888439c4613"
"md","step-01-document-discovery","bmm","bmm/workflows/3-solutioning/bmad-check-implementation-readiness/steps/step-01-document-discovery.md","56e748671877fa3e34ffaab5c531801e7b72b6b59ee29a2f479e5f904a93d7af"
"md","step-01-gather-context","bmm","bmm/workflows/4-implementation/bmad-code-review/steps/step-01-gather-context.md","0f34561e504646085f5c74787f5b97ec656f0d041ee1dd8815dc93fab9fb1dd1"
"md","step-01-init","bmm","bmm/workflows/1-analysis/bmad-create-product-brief/steps/step-01-init.md","2c79023059274f49d3a9194d3fdf092d021277eb018a853233bda5552be95bf7"
"md","step-01-init","bmm","bmm/workflows/1-analysis/research/bmad-domain-research/domain-steps/step-01-init.md","efee243f13ef54401ded88f501967b8bc767460cec5561b2107fc03fe7b7eab1"
"md","step-01-init","bmm","bmm/workflows/1-analysis/research/bmad-market-research/steps/step-01-init.md","64d5501aea0c0005db23a0a4d9ee84cf4e9239f553c994ecc6b1356917967ccc"
"md","step-01-init","bmm","bmm/workflows/1-analysis/research/bmad-technical-research/technical-steps/step-01-init.md","c9a1627ecd26227e944375eb691e7ee6bc9f5db29a428a5d53e5d6aef8bb9697"
"md","step-01-init","bmm","bmm/workflows/1-analysis/research/market-steps/step-01-init.md","b2b030bc59dfe516e67f19d66f9c6d44d745343ccf2d726d4106290704aecdbd"
"md","step-01-init","bmm","bmm/workflows/2-plan-workflows/bmad-create-ux-design/steps/step-01-init.md","0b257533a0ce34d792f621da35325ec11cb883653e3ad546221ee1f0dee5edcd"
"md","step-01-init","bmm","bmm/workflows/3-solutioning/bmad-create-architecture/steps/step-01-init.md","5119205b712ebda0cd241c3daad217bb0f6fa9e6cb41d6635aec6b7fe83b838a"
"md","step-01-mode-detection","bmm","bmm/workflows/bmad-quick-flow/bmad-quick-dev/steps/step-01-mode-detection.md","d7ebcf5668d1f3adca3410fc578d48d42fa457cb2383586f9f2d790b8bee3f9e"
"md","step-01-understand","bmm","bmm/workflows/bmad-quick-flow/bmad-quick-spec/steps/step-01-understand.md","01877bf2b600dd86e8a62d763875cfc7304c2b85392b8891866c4547386249bb"
"md","step-01-validate-prerequisites","bmm","bmm/workflows/3-solutioning/bmad-create-epics-and-stories/steps/step-01-validate-prerequisites.md","5c2aabc871363d84fc2e12fd83a3889e9d752b6bd330e31a0067c96204dd4880"
"md","step-01b-continue","bmm","bmm/workflows/1-analysis/bmad-create-product-brief/steps/step-01b-continue.md","c3ad854e817ff3c9dce0a1e14d3b88aced00e903b228ecc1d3206e2ab4254941"
"md","step-01b-continue","bmm","bmm/workflows/2-plan-workflows/bmad-create-ux-design/steps/step-01b-continue.md","4d42c6b83eaa720975bf2206a7eea1a8c73ae922668cc2ef03d34c49ab066c19"
"md","step-01b-continue","bmm","bmm/workflows/3-solutioning/bmad-create-architecture/steps/step-01b-continue.md","4bf216008297dcea25f8be693109cf17879c621865b302c994cdd15aa5124e5f"
"md","step-02-context","bmm","bmm/workflows/3-solutioning/bmad-create-architecture/steps/step-02-context.md","4381c5128de7d5c02ac806a1263e3965754bd2598954f3188219fbd87567e5c9"
"md","step-02-context-gathering","bmm","bmm/workflows/bmad-quick-flow/bmad-quick-dev/steps/step-02-context-gathering.md","6c6e359ab32c0a7aebaa4417c1e3dd67e4d0682967a8469ff3ff781e9891f630"
"md","step-02-customer-behavior","bmm","bmm/workflows/1-analysis/research/bmad-market-research/steps/step-02-customer-behavior.md","bac4de244049f90d1f2eb95e2cc9389cc84966d9538077fef1ec9c35e4533849"
"md","step-02-customer-behavior","bmm","bmm/workflows/1-analysis/research/market-steps/step-02-customer-behavior.md","93d20ddbd5506bc1d604c3ce56b42185bfe6f34402c45760e4cb7bec627f52e9"
"md","step-02-design-epics","bmm","bmm/workflows/3-solutioning/bmad-create-epics-and-stories/steps/step-02-design-epics.md","44b8859c4f9e6c8275b44be1c8d36f5360b54db7c54b8d4d1b61e865b33d51d8"
"md","step-02-discovery","bmm","bmm/workflows/2-plan-workflows/bmad-create-ux-design/steps/step-02-discovery.md","9ffd5b31cc869b564e4d78cdc70767f0fb1b04db4c40201ccfa9dde75739fa8d"
"md","step-02-domain-analysis","bmm","bmm/workflows/1-analysis/research/bmad-domain-research/domain-steps/step-02-domain-analysis.md","385a288d9bbb0adf050bcce4da4dad198a9151822f9766900404636f2b0c7f9d"
"md","step-02-generate","bmm","bmm/workflows/bmad-generate-project-context/steps/step-02-generate.md","b1f063edae66a74026b67a79a245cec7ee85438bafcacfc70dcf6006b495e060"
"md","step-02-investigate","bmm","bmm/workflows/bmad-quick-flow/bmad-quick-spec/steps/step-02-investigate.md","0a7c274f4796fd7ace04f4cdbf37468a78c24e76923917bac6da975146c792ac"
"md","step-02-plan","bmm","bmm/workflows/bmad-quick-flow/bmad-quick-dev-new-preview/steps/step-02-plan.md","7b765b45990cc9094d8567fd5cd63774699f684675b7f43812024f60189d770c"
"md","step-02-prd-analysis","bmm","bmm/workflows/3-solutioning/bmad-check-implementation-readiness/steps/step-02-prd-analysis.md","47538848da0207cc929613ee9294ec317d05404ab19d7a9af612bf757d2a5950"
"md","step-02-review","bmm","bmm/workflows/4-implementation/bmad-code-review/steps/step-02-review.md","1e004061cb197b9f3f3b1d02cd16aefa4882ccbb26894ff5b71be7cfea6a518a"
"md","step-02-technical-overview","bmm","bmm/workflows/1-analysis/research/bmad-technical-research/technical-steps/step-02-technical-overview.md","9c7582241038b16280cddce86f2943216541275daf0a935dcab78f362904b305"
"md","step-02-vision","bmm","bmm/workflows/1-analysis/bmad-create-product-brief/steps/step-02-vision.md","7af0d00df3b7bc1ca66c6111f9f5b29a2b8285ea49ac5cf2cd53b60732c9a2c6"
"md","step-03-competitive-landscape","bmm","bmm/workflows/1-analysis/research/bmad-domain-research/domain-steps/step-03-competitive-landscape.md","f10aa088ba00c59491507f6519fb314139f8be6807958bb5fd1b66bff2267749"
"md","step-03-complete","bmm","bmm/workflows/bmad-generate-project-context/steps/step-03-complete.md","cf8d1d1904aeddaddb043c3c365d026cd238891cd702c2b78bae032a8e08ae17"
"md","step-03-core-experience","bmm","bmm/workflows/2-plan-workflows/bmad-create-ux-design/steps/step-03-core-experience.md","1f58c8a2f6872f468629ecb67e94f793af9d10d2804fe3e138eba03c090e00c5"
"md","step-03-create-stories","bmm","bmm/workflows/3-solutioning/bmad-create-epics-and-stories/steps/step-03-create-stories.md","c5b787a82e4e49ed9cd9c028321ee1689f32b8cd69d89eea609b37cd3d481afc"
"md","step-03-customer-pain-points","bmm","bmm/workflows/1-analysis/research/bmad-market-research/steps/step-03-customer-pain-points.md","5b2418ccaaa89291c593efed0311b3895faad1e9181800d382da823a8eb1312a"
"md","step-03-customer-pain-points","bmm","bmm/workflows/1-analysis/research/market-steps/step-03-customer-pain-points.md","4a224fb63d2814a1e2df9b82e42cb2573dc7ffacdf4e61a14a4763c433431a16"
"md","step-03-epic-coverage-validation","bmm","bmm/workflows/3-solutioning/bmad-check-implementation-readiness/steps/step-03-epic-coverage-validation.md","1935d218641b8e19af9764543ada4d04b58b2ba885a1c41a67194c8f1436d73d"
"md","step-03-execute","bmm","bmm/workflows/bmad-quick-flow/bmad-quick-dev/steps/step-03-execute.md","9b346f84377f0fac475605fda1dbb070cb4ed41336ed3dc31a4d99ce040b8cc8"
"md","step-03-generate","bmm","bmm/workflows/bmad-quick-flow/bmad-quick-spec/steps/step-03-generate.md","3a4f777c73a7a96bc70c05aaedd7a452b5e99122d14d070c543bd4043d1875b8"
"md","step-03-implement","bmm","bmm/workflows/bmad-quick-flow/bmad-quick-dev-new-preview/steps/step-03-implement.md","2f11662a04b4bfed65b40fa179ecbce0d5908d4ea1769bc97a83d296ac89764b"
"md","step-03-integration-patterns","bmm","bmm/workflows/1-analysis/research/bmad-technical-research/technical-steps/step-03-integration-patterns.md","005d517a2f962e2172e26b23d10d5e6684c7736c0d3982e27b2e72d905814ad9"
"md","step-03-starter","bmm","bmm/workflows/3-solutioning/bmad-create-architecture/steps/step-03-starter.md","b7727e0f37bc5325e15abad1c54bef716d617df423336090189efd1d307a0b3f"
"md","step-03-triage","bmm","bmm/workflows/4-implementation/bmad-code-review/steps/step-03-triage.md","aef650337811959193b570853a74c60aa31540587353a638b1d89c40395fccfa"
"md","step-03-users","bmm","bmm/workflows/1-analysis/bmad-create-product-brief/steps/step-03-users.md","1298d248531c70655fab8b0df7849baa2f0f3a82e2570a8acddcf4b6a1aaad51"
"md","step-04-architectural-patterns","bmm","bmm/workflows/1-analysis/research/bmad-technical-research/technical-steps/step-04-architectural-patterns.md","4636f23e9c585a7a0c90437a660609d913f16362c3557fc2e71d408d6b9f46ce"
"md","step-04-customer-decisions","bmm","bmm/workflows/1-analysis/research/bmad-market-research/steps/step-04-customer-decisions.md","f0bc25f2179b7490e7a6704159a32fc9e83ab616022355ed53acfe8e2f7059d5"
"md","step-04-customer-decisions","bmm","bmm/workflows/1-analysis/research/market-steps/step-04-customer-decisions.md","8a0c46828854693a7de16e148c3c9eb08b42409a2676b9a44b3cdffe06a577b3"
"md","step-04-decisions","bmm","bmm/workflows/3-solutioning/bmad-create-architecture/steps/step-04-decisions.md","7fc0ebb63ab5ad0efc470f1063c15f14f52f5d855da2382fd17576cf060a8763"
"md","step-04-emotional-response","bmm","bmm/workflows/2-plan-workflows/bmad-create-ux-design/steps/step-04-emotional-response.md","75724811b170c8897e230a49e968e1db357fef3387008b0906b5ff79a43dbff9"
"md","step-04-final-validation","bmm","bmm/workflows/3-solutioning/bmad-create-epics-and-stories/steps/step-04-final-validation.md","6be228c80a97a74fe6b2dca7ded26fdbca3524a4c8590942e150f24e16da68f3"
"md","step-04-metrics","bmm","bmm/workflows/1-analysis/bmad-create-product-brief/steps/step-04-metrics.md","21161be0a8206b81a16c9a325d96f1301cb83d1cd9a0090ae5632a27f16c5c60"
"md","step-04-present","bmm","bmm/workflows/4-implementation/bmad-code-review/steps/step-04-present.md","c1b4531f3960d1fa061c72714184661e86413e2c4eff621f3d208feaa97e8ff0"
"md","step-04-regulatory-focus","bmm","bmm/workflows/1-analysis/research/bmad-domain-research/domain-steps/step-04-regulatory-focus.md","d22035529efe91993e698b4ebf297bf2e7593eb41d185a661c357a8afc08977b"
"md","step-04-review","bmm","bmm/workflows/bmad-quick-flow/bmad-quick-dev-new-preview/steps/step-04-review.md","6b5448ef91e955f8e720003d326f322e9d71f648fddd6ef5aae6f230ee390c40"
"md","step-04-review","bmm","bmm/workflows/bmad-quick-flow/bmad-quick-spec/steps/step-04-review.md","8d1e3b41c3b2b018bf2177baa22d46b27efac4ca5da6ab7bee9fbf2c7b9079d8"
"md","step-04-self-check","bmm","bmm/workflows/bmad-quick-flow/bmad-quick-dev/steps/step-04-self-check.md","9a8e3d3cd35c8d8b86ec65b422566e0e0842782bddd36e942bd0327f6b893f0c"
"md","step-04-ux-alignment","bmm","bmm/workflows/3-solutioning/bmad-check-implementation-readiness/steps/step-04-ux-alignment.md","f71e5f0d77615e885ae40fdee6b04c1dd6e472c871f87b515fe869cb5f6966fb"
"md","step-05-adversarial-review","bmm","bmm/workflows/bmad-quick-flow/bmad-quick-dev/steps/step-05-adversarial-review.md","d8fe2a3c64b03298aa92d5c104f10f2aa6c470ef16c864b0f5297adf8f82a10a"
"md","step-05-competitive-analysis","bmm","bmm/workflows/1-analysis/research/bmad-market-research/steps/step-05-competitive-analysis.md","17532051ad232cfc859f09ac3b44f9f4d542eb24cff8d07317126ccdff0d225a"
"md","step-05-competitive-analysis","bmm","bmm/workflows/1-analysis/research/market-steps/step-05-competitive-analysis.md","ff6f606a80ffaf09aa325e38a4ceb321b97019e6542241b2ed4e8eb38b35efa8"
"md","step-05-epic-quality-review","bmm","bmm/workflows/3-solutioning/bmad-check-implementation-readiness/steps/step-05-epic-quality-review.md","d8a84e57f4e3a321734b5b5d093458ceb1e338744f18954c5a204f5ce3576185"
"md","step-05-implementation-research","bmm","bmm/workflows/1-analysis/research/bmad-technical-research/technical-steps/step-05-implementation-research.md","e2b8a2c79bcebadc85f3823145980fa47d7e7be8d1c112f686c6223c8c138608"
"md","step-05-inspiration","bmm","bmm/workflows/2-plan-workflows/bmad-create-ux-design/steps/step-05-inspiration.md","b0cadcd4665c46d2e6e89bdb45ddfdd4e4aac47b901e59aa156b935878a2b124"
"md","step-05-patterns","bmm","bmm/workflows/3-solutioning/bmad-create-architecture/steps/step-05-patterns.md","3c80aba507aa46893ef43f07c5c321b985632ef57abc82d5ee93c3d9c2911134"
"md","step-05-present","bmm","bmm/workflows/bmad-quick-flow/bmad-quick-dev-new-preview/steps/step-05-present.md","ee2e496153b97173fd2badea323f96164d8a394a9d7fe5413632c2bf2a0a499c"
"md","step-05-scope","bmm","bmm/workflows/1-analysis/bmad-create-product-brief/steps/step-05-scope.md","41236a5c96ca601cf62aab40afaf8901d3e294de2708dec65d0126e6041749a4"
"md","step-05-technical-trends","bmm","bmm/workflows/1-analysis/research/bmad-domain-research/domain-steps/step-05-technical-trends.md","fd6c577010171679f630805eb76e09daf823c2b9770eb716986d01f351ce1fb4"
"md","step-06-complete","bmm","bmm/workflows/1-analysis/bmad-create-product-brief/steps/step-06-complete.md","30f8c0e7333e15047c892a91dbb1016a62b85acd73848ed5b40beb32ebca29db"
"md","step-06-design-system","bmm","bmm/workflows/2-plan-workflows/bmad-create-ux-design/steps/step-06-design-system.md","1c71e452916c5b9ed000af4dd1b83954ae16887463c73776251e1e734e7d7641"
"md","step-06-final-assessment","bmm","bmm/workflows/3-solutioning/bmad-check-implementation-readiness/steps/step-06-final-assessment.md","dbc3a5e94e804c5dbb89204a194d9c378fd4096f40beec976b84ce4ca26b24cf"
"md","step-06-research-completion","bmm","bmm/workflows/1-analysis/research/bmad-market-research/steps/step-06-research-completion.md","ce4820d4a254b1c4c5a876910e7e8912eda8df595a71438d230119ace7f2c38b"
"md","step-06-research-completion","bmm","bmm/workflows/1-analysis/research/market-steps/step-06-research-completion.md","ddc239b81dc76148b5b41741b3ca0d6d4a1f781e1db5e50d2c6b4222dd64eda9"
"md","step-06-research-synthesis","bmm","bmm/workflows/1-analysis/research/bmad-domain-research/domain-steps/step-06-research-synthesis.md","ae7ea9eec7f763073e4e1ec7ef0dd247a2c9c8f8172c84cbcb0590986c67caa2"
"md","step-06-research-synthesis","bmm","bmm/workflows/1-analysis/research/bmad-technical-research/technical-steps/step-06-research-synthesis.md","01d94ed48e86317754d1dafb328d57bd1ce8832c1f443bfd62413bbd07dcf3a1"
"md","step-06-resolve-findings","bmm","bmm/workflows/bmad-quick-flow/bmad-quick-dev/steps/step-06-resolve-findings.md","0018c48e077ef9838e44fd1f4a9986d4d8ac703b41da9412e0dfd307c5c4fabf"
"md","step-06-structure","bmm","bmm/workflows/3-solutioning/bmad-create-architecture/steps/step-06-structure.md","f8333ca290b62849c1e2eb2f770b46705b09fe0322217b699b13be047efdd03e"
"md","step-07-defining-experience","bmm","bmm/workflows/2-plan-workflows/bmad-create-ux-design/steps/step-07-defining-experience.md","17f78d679a187cfb703c2cd30eea84d9dd683f3708d24885421239338eea4edd"
"md","step-07-validation","bmm","bmm/workflows/3-solutioning/bmad-create-architecture/steps/step-07-validation.md","95c9c9102ddfb23969adecc84c45bc61aa1e58dbdff6d25111ac85e17ff99353"
"md","step-08-complete","bmm","bmm/workflows/3-solutioning/bmad-create-architecture/steps/step-08-complete.md","2bdb9f1a149eb8e075c734f086b977709baeeb3d7ca0c2c998997e3c0ce2f532"
"md","step-08-visual-foundation","bmm","bmm/workflows/2-plan-workflows/bmad-create-ux-design/steps/step-08-visual-foundation.md","985b4da65435114529056f33ff583ec4d1b29feb3550494ae741b6dbb89798a9"
"md","step-09-design-directions","bmm","bmm/workflows/2-plan-workflows/bmad-create-ux-design/steps/step-09-design-directions.md","07962c637e69a612a904efccf6188b7f08c9e484d4d7369c74cd0de7da0cb1e3"
"md","step-10-user-journeys","bmm","bmm/workflows/2-plan-workflows/bmad-create-ux-design/steps/step-10-user-journeys.md","eabe15745e6b68df06833bca103c704d31094c8f070c84e35f1ee9b0c28d10bd"
"md","step-11-component-strategy","bmm","bmm/workflows/2-plan-workflows/bmad-create-ux-design/steps/step-11-component-strategy.md","52a1d0230160124496467ddbe26dd9cc4ae7d9afceaea987aad658e1bb195f59"
"md","step-12-ux-patterns","bmm","bmm/workflows/2-plan-workflows/bmad-create-ux-design/steps/step-12-ux-patterns.md","37215fe8ea33247e9a31b5f8b8fe3b36448d7f743c18803e4d5054c201348be8"
"md","step-13-responsive-accessibility","bmm","bmm/workflows/2-plan-workflows/bmad-create-ux-design/steps/step-13-responsive-accessibility.md","b80c7e6c3898bac66af1ca81bcb09a92f2793bc0711530d93e03265070041b5c"
"md","step-14-complete","bmm","bmm/workflows/2-plan-workflows/bmad-create-ux-design/steps/step-14-complete.md","f308bf80b6a7d4490a858fb30d17fc4fa3105655cbc437aa07e54fab26889251"
"md","step-e-01-discovery","bmm","bmm/workflows/2-plan-workflows/bmad-edit-prd/steps-e/step-e-01-discovery.md","bb91eb5f245d04d6fe1d2e31e6c53910ff5b7cc56cfae78fbe8caaf2703e9877"
"md","step-e-01b-legacy-conversion","bmm","bmm/workflows/2-plan-workflows/bmad-edit-prd/steps-e/step-e-01b-legacy-conversion.md","d5dcf71b36a5e425eba3b7ee08e60e4e2c6a3f7eb7131b5a478adf016a89614a"
"md","step-e-02-review","bmm","bmm/workflows/2-plan-workflows/bmad-edit-prd/steps-e/step-e-02-review.md","b26e9b1f876871eb0d8161e943f4c2eead42c3787c884f849895acdeb3d6185b"
"md","step-e-03-edit","bmm","bmm/workflows/2-plan-workflows/bmad-edit-prd/steps-e/step-e-03-edit.md","026bcab64bccb10e12a450ed48844bc0b03e310d4ccdc3fbbff742b55c3b5377"
"md","step-e-04-complete","bmm","bmm/workflows/2-plan-workflows/bmad-edit-prd/steps-e/step-e-04-complete.md","6667d1ec7b1473d35fde07c7cd5e76f288230179534a1b75b9cbe5183afde32b"
"md","step-v-01-discovery","bmm","bmm/workflows/2-plan-workflows/bmad-validate-prd/steps-v/step-v-01-discovery.md","65c4686abf818f35eeeff7cf7d31646b9693f3b8aaaa04eac7c97e9be0572a57"
"md","step-v-01-discovery","bmm","bmm/workflows/2-plan-workflows/create-prd/steps-v/step-v-01-discovery.md","85e9b433cfb634b965240597739cc517837c136a4ca64bc88c0afe828b363740"
"md","step-v-02-format-detection","bmm","bmm/workflows/2-plan-workflows/bmad-validate-prd/steps-v/step-v-02-format-detection.md","c27ea549b1414a9a013c6e334daf278bc26e7101879fd5832eb57ed275daeb0d"
"md","step-v-02-format-detection","bmm","bmm/workflows/2-plan-workflows/create-prd/steps-v/step-v-02-format-detection.md","251ea5a1cf7779db2dc39d5d8317976a27f84b421359c1974ae96c0943094341"
"md","step-v-02b-parity-check","bmm","bmm/workflows/2-plan-workflows/bmad-validate-prd/steps-v/step-v-02b-parity-check.md","5216fea52f9bbcb76a8ea9b9e80c98c51c529342e448dcf75c449ffa6fbaa45f"
"md","step-v-02b-parity-check","bmm","bmm/workflows/2-plan-workflows/create-prd/steps-v/step-v-02b-parity-check.md","3481beae212bb0140c105d0ae87bb9714859c93a471048048512fd1278da2fcd"
"md","step-v-03-density-validation","bmm","bmm/workflows/2-plan-workflows/bmad-validate-prd/steps-v/step-v-03-density-validation.md","1eed2b7eea8745edefbee124e9c9aff1e75a1176b8ba3bad42cfcf9b7c2f2a1c"
"md","step-v-03-density-validation","bmm","bmm/workflows/2-plan-workflows/create-prd/steps-v/step-v-03-density-validation.md","5b95ecd032fb65f86b7eee7ce7c30c997dc2a8b5e4846d88c2853538591a9e40"
"md","step-v-04-brief-coverage-validation","bmm","bmm/workflows/2-plan-workflows/bmad-validate-prd/steps-v/step-v-04-brief-coverage-validation.md","7b870fea072193271c9dc80966b0777cbc892a85912a273ba184f2d19fc68c47"
"md","step-v-04-brief-coverage-validation","bmm","bmm/workflows/2-plan-workflows/create-prd/steps-v/step-v-04-brief-coverage-validation.md","97eb248c7d67e6e5121dd0b020409583998fba433799ea4c5c8cb40c7ff9c7c1"
"md","step-v-05-measurability-validation","bmm","bmm/workflows/2-plan-workflows/bmad-validate-prd/steps-v/step-v-05-measurability-validation.md","06a8762b225e7d77f9c1b9f5be8783bcced29623f3a3bc8dbf7ea109b531c0ae"
"md","step-v-05-measurability-validation","bmm","bmm/workflows/2-plan-workflows/create-prd/steps-v/step-v-05-measurability-validation.md","2f331ee6d4f174dec0e4b434bf7691bfcf3a13c6ee0c47a65989badaa6b6a28c"
"md","step-v-06-traceability-validation","bmm","bmm/workflows/2-plan-workflows/bmad-validate-prd/steps-v/step-v-06-traceability-validation.md","58b89788683540c3122f886ca7a6191866a3abb2851bd505faa3fc9ab46a73c4"
"md","step-v-06-traceability-validation","bmm","bmm/workflows/2-plan-workflows/create-prd/steps-v/step-v-06-traceability-validation.md","970ea67486211a611a701e1490ab7e8f2f98060a9f78760b6ebfdb9f37743c74"
"md","step-v-07-implementation-leakage-validation","bmm","bmm/workflows/2-plan-workflows/bmad-validate-prd/steps-v/step-v-07-implementation-leakage-validation.md","aeab46b20c6aafc4b1d369c65ccf02a1fc5f7de60cbffddf7719e2899de6fe28"
"md","step-v-07-implementation-leakage-validation","bmm","bmm/workflows/2-plan-workflows/create-prd/steps-v/step-v-07-implementation-leakage-validation.md","f75d1d808fdf3d61b15bea55418b82df747f45902b6b22fe541e83b4ea3fa465"
"md","step-v-08-domain-compliance-validation","bmm","bmm/workflows/2-plan-workflows/bmad-validate-prd/steps-v/step-v-08-domain-compliance-validation.md","1be1de3adc40ded63e3662a75532fa1b13c28596b3b49204fbda310f6fa5f0da"
"md","step-v-08-domain-compliance-validation","bmm","bmm/workflows/2-plan-workflows/create-prd/steps-v/step-v-08-domain-compliance-validation.md","a1902baaf4eaaf946e5c2c2101a1ac46f8ee4397e599218b8dc030cd00c97512"
"md","step-v-09-project-type-validation","bmm","bmm/workflows/2-plan-workflows/bmad-validate-prd/steps-v/step-v-09-project-type-validation.md","fffbf78461186456a5ca72b2b9811cb391476c1d1af0301ff71b8f73198c88d1"
"md","step-v-09-project-type-validation","bmm","bmm/workflows/2-plan-workflows/create-prd/steps-v/step-v-09-project-type-validation.md","d53e95264625335184284d3f9d0fc6e7674f67bdf97e19362fc33df4bea7f096"
"md","step-v-10-smart-validation","bmm","bmm/workflows/2-plan-workflows/bmad-validate-prd/steps-v/step-v-10-smart-validation.md","81bf3fbe84054b51cb36b673a3877c65c9b790acd502a9a8a01f76899f5f4f4c"
"md","step-v-10-smart-validation","bmm","bmm/workflows/2-plan-workflows/create-prd/steps-v/step-v-10-smart-validation.md","b3c21cfcb8928ee447e12ba321af957a57385d0a2d2595deb6908212ec1c9692"
"md","step-v-11-holistic-quality-validation","bmm","bmm/workflows/2-plan-workflows/bmad-validate-prd/steps-v/step-v-11-holistic-quality-validation.md","4be7756dce12a6c7c5de6a551716d9e3b1df1f5d9d87fc28efb95fe6960cd3ce"
"md","step-v-11-holistic-quality-validation","bmm","bmm/workflows/2-plan-workflows/create-prd/steps-v/step-v-11-holistic-quality-validation.md","db07ecc3af8720c15d2801b547237d6ec74523883e361a9c03c0bd09b127bee3"
"md","step-v-12-completeness-validation","bmm","bmm/workflows/2-plan-workflows/bmad-validate-prd/steps-v/step-v-12-completeness-validation.md","20371cf379d396292dd63ad721fe48258853048e10cd9ecb8998791194fe4236"
"md","step-v-12-completeness-validation","bmm","bmm/workflows/2-plan-workflows/create-prd/steps-v/step-v-12-completeness-validation.md","c966933a0ca3753db75591325cef4d4bdaf9639a1a63f9438758d32f7e1a1dda"
"md","step-v-13-report-complete","bmm","bmm/workflows/2-plan-workflows/bmad-validate-prd/steps-v/step-v-13-report-complete.md","5df1fe4427273411bc55051519edf89e36ae46b5435240664ead8ffac6842d85"
"md","step-v-13-report-complete","bmm","bmm/workflows/2-plan-workflows/create-prd/steps-v/step-v-13-report-complete.md","a48cb9e8202f66a24798ef50e66b2fa11422560085aa40bb6a057fadc53353af"
"md","tech-spec-template","bmm","bmm/workflows/bmad-quick-flow/bmad-quick-dev-new-preview/tech-spec-template.md","5d253f505d7584633efe55fe7b16a5bbd630708a075542a0e5f6b563ef1218b2"
"md","tech-spec-template","bmm","bmm/workflows/bmad-quick-flow/bmad-quick-spec/tech-spec-template.md","6e0ac4991508fec75d33bbe36197e1576d7b2a1ea7ceba656d616e7d7dadcf03"
"md","template","bmm","bmm/workflows/4-implementation/bmad-create-story/template.md","29ba697368d77e88e88d0e7ac78caf7a78785a7dcfc291082aa96a62948afb67"
"md","ux-design-template","bmm","bmm/workflows/2-plan-workflows/bmad-create-ux-design/ux-design-template.md","ffa4b89376cd9db6faab682710b7ce755990b1197a8b3e16b17748656d1fca6a"
"md","web-researcher","bmm","bmm/workflows/1-analysis/bmad-product-brief-preview/agents/web-researcher.md","66aadb087f9bb3e7d05787c8f30237247ad3b90f241d342838e4ca95ed0d0260"
"md","workflow","bmm","bmm/workflows/1-analysis/bmad-create-product-brief/workflow.md","a8a3ffe52348a2e80ec382b200f0f8f7a00d5aeedb6d303941d52de8c6c8dcff"
"md","workflow","bmm","bmm/workflows/1-analysis/research/bmad-domain-research/workflow.md","8f50250c35786710b7a380404791ce5d04834f5c381abb297a6d1adc2a5007f8"
"md","workflow","bmm","bmm/workflows/1-analysis/research/bmad-market-research/workflow.md","b10298a8ccb939ed49f7c171f4ca9e3fe415980ebddf6bce78a7c375ef92eb84"
"md","workflow","bmm","bmm/workflows/1-analysis/research/bmad-technical-research/workflow.md","69da7541ebac524a905218470c1f91e93ef631b7993629ada9e5224598e93f3f"
"md","workflow","bmm","bmm/workflows/2-plan-workflows/bmad-create-ux-design/workflow.md","d3f718aca12f9618e4271480bd76835e7f33961a4c168ce5aaec9e5a3a083c76"
"md","workflow","bmm","bmm/workflows/2-plan-workflows/bmad-edit-prd/workflow.md","96f09f2e6ebd990c5edc435d6c79bdccaef5e0629d7ae211812ac91a6f337fb6"
"md","workflow","bmm","bmm/workflows/2-plan-workflows/bmad-validate-prd/workflow.md","fbb45a58c4049d7a6a569071e3e58eb03ff3a84ed29a6f2437f49ea2902d1790"
"md","workflow","bmm","bmm/workflows/3-solutioning/bmad-check-implementation-readiness/workflow.md","0e1f1c49ee3d1965fa2378728ad5ebf8bb9d97aee67adf44993a672fbc0c85e8"
"md","workflow","bmm","bmm/workflows/3-solutioning/bmad-create-architecture/workflow.md","7845e7b62ca44da48fac9d732be43e83fe312a8bc83dd9e06574fbbc629c3b49"
"md","workflow","bmm","bmm/workflows/3-solutioning/bmad-create-epics-and-stories/workflow.md","204ce6a9fb23b63d8c254673d073f51202277dc280f9d9a535c2763aeb878a03"
"md","workflow","bmm","bmm/workflows/4-implementation/bmad-code-review/workflow.md","aafeed986e17f030b0ce39244fb7eede7a1fbdd73bd7391a1b424d4a5777cb91"
"md","workflow","bmm","bmm/workflows/4-implementation/bmad-correct-course/workflow.md","a0d0d47be4b2e5a7ad1c7e2ccec36966972cdb01441686092b98b3adbeafe38e"
"md","workflow","bmm","bmm/workflows/4-implementation/bmad-create-story/workflow.md","5ef89f34fe47a6f83d4dc3c3e1d29bbdea58838122549f60a6bc53046825305d"
"md","workflow","bmm","bmm/workflows/4-implementation/bmad-dev-story/workflow.md","96109fde74e4a6743acb6d3b70f83b6ceddc48dc7dc5fbb4a7a5142ecc0fc51e"
"md","workflow","bmm","bmm/workflows/4-implementation/bmad-retrospective/workflow.md","aa0c39d871f653d19131c4c13e84bf40d7b7c764aad9e117fc328008fbd356b1"
"md","workflow","bmm","bmm/workflows/4-implementation/bmad-sprint-planning/workflow.md","6d4714a4d13d2a4f603062111fd46e6e8c69d0793b3501495b5d3826fbd0af4d"
"md","workflow","bmm","bmm/workflows/4-implementation/bmad-sprint-status/workflow.md","61c96b0bca5c720b3f8d9aac459611955add277e19716db796f211bad94d4e70"
"md","workflow","bmm","bmm/workflows/bmad-document-project/workflow.md","946a5e79552769a0254791f4faab719e1fce0b0ca5163c8948e3ab7f6bbd77e9"
"md","workflow","bmm","bmm/workflows/bmad-generate-project-context/workflow.md","9d804dcdc199ae91f27f43276069e1924d660d506f455931c99759a3fd7d305d"
"md","workflow","bmm","bmm/workflows/bmad-qa-generate-e2e-tests/workflow.md","f399bfecbdd005b3f2de1ce15f5ab693776aded6e7d92e104f1f1a66fbcfc85e"
"md","workflow","bmm","bmm/workflows/bmad-quick-flow/bmad-quick-dev/workflow.md","804c0b202c77eab6b6d80ca42aab8a8642e66669693b038f153df2da5b0caece"
"md","workflow","bmm","bmm/workflows/bmad-quick-flow/bmad-quick-dev-new-preview/workflow.md","b684d74b3cecc9c9e436b99ec180b062768835df0f94fc22f9e9d64842ce0299"
"md","workflow","bmm","bmm/workflows/bmad-quick-flow/bmad-quick-spec/workflow.md","ccad30d397bfd3fd6cecb660a95ed1369798eb8c5fafcd06253b3d69b674a1e4"
"md","workflow-validate-prd","bmm","bmm/workflows/2-plan-workflows/create-prd/workflow-validate-prd.md","2a414986b4369622de815fb97f7b825ccf48962472c65c19ea985175dcdc5e6c"
"yaml","bmad-skill-manifest","bmm","bmm/agents/bmad-skill-manifest.yaml","973b7097e5504c980e7548bf71e1e296b4a6265f5f288a82f9930d65e15ddee9"
"yaml","bmad-skill-manifest","bmm","bmm/agents/tech-writer/bmad-skill-manifest.yaml","a46d895577ce3019fc6b5f5a4c76f58c53e669efd198df7feeeb1b26bd8be415"
"yaml","bmad-skill-manifest","bmm","bmm/workflows/1-analysis/bmad-create-product-brief/bmad-skill-manifest.yaml","ea1b058a23cd4fb442f2e7bc7a3a871b73391c0d18c32ddad020dd56b20425ee"
"yaml","bmad-skill-manifest","bmm","bmm/workflows/1-analysis/bmad-product-brief-preview/bmad-skill-manifest.yaml","ea1b058a23cd4fb442f2e7bc7a3a871b73391c0d18c32ddad020dd56b20425ee"
"yaml","bmad-skill-manifest","bmm","bmm/workflows/1-analysis/research/bmad-domain-research/bmad-skill-manifest.yaml","ea1b058a23cd4fb442f2e7bc7a3a871b73391c0d18c32ddad020dd56b20425ee"
"yaml","bmad-skill-manifest","bmm","bmm/workflows/1-analysis/research/bmad-market-research/bmad-skill-manifest.yaml","ea1b058a23cd4fb442f2e7bc7a3a871b73391c0d18c32ddad020dd56b20425ee"
"yaml","bmad-skill-manifest","bmm","bmm/workflows/1-analysis/research/bmad-technical-research/bmad-skill-manifest.yaml","ea1b058a23cd4fb442f2e7bc7a3a871b73391c0d18c32ddad020dd56b20425ee"
"yaml","bmad-skill-manifest","bmm","bmm/workflows/2-plan-workflows/bmad-create-ux-design/bmad-skill-manifest.yaml","ea1b058a23cd4fb442f2e7bc7a3a871b73391c0d18c32ddad020dd56b20425ee"
"yaml","bmad-skill-manifest","bmm","bmm/workflows/2-plan-workflows/bmad-edit-prd/bmad-skill-manifest.yaml","ea1b058a23cd4fb442f2e7bc7a3a871b73391c0d18c32ddad020dd56b20425ee"
"yaml","bmad-skill-manifest","bmm","bmm/workflows/2-plan-workflows/bmad-validate-prd/bmad-skill-manifest.yaml","ea1b058a23cd4fb442f2e7bc7a3a871b73391c0d18c32ddad020dd56b20425ee"
"yaml","bmad-skill-manifest","bmm","bmm/workflows/3-solutioning/bmad-check-implementation-readiness/bmad-skill-manifest.yaml","ea1b058a23cd4fb442f2e7bc7a3a871b73391c0d18c32ddad020dd56b20425ee"
"yaml","bmad-skill-manifest","bmm","bmm/workflows/3-solutioning/bmad-create-architecture/bmad-skill-manifest.yaml","ea1b058a23cd4fb442f2e7bc7a3a871b73391c0d18c32ddad020dd56b20425ee"
"yaml","bmad-skill-manifest","bmm","bmm/workflows/3-solutioning/bmad-create-epics-and-stories/bmad-skill-manifest.yaml","ea1b058a23cd4fb442f2e7bc7a3a871b73391c0d18c32ddad020dd56b20425ee"
"yaml","bmad-skill-manifest","bmm","bmm/workflows/4-implementation/bmad-code-review/bmad-skill-manifest.yaml","ea1b058a23cd4fb442f2e7bc7a3a871b73391c0d18c32ddad020dd56b20425ee"
"yaml","bmad-skill-manifest","bmm","bmm/workflows/4-implementation/bmad-correct-course/bmad-skill-manifest.yaml","ea1b058a23cd4fb442f2e7bc7a3a871b73391c0d18c32ddad020dd56b20425ee"
"yaml","bmad-skill-manifest","bmm","bmm/workflows/4-implementation/bmad-create-story/bmad-skill-manifest.yaml","ea1b058a23cd4fb442f2e7bc7a3a871b73391c0d18c32ddad020dd56b20425ee"
"yaml","bmad-skill-manifest","bmm","bmm/workflows/4-implementation/bmad-dev-story/bmad-skill-manifest.yaml","ea1b058a23cd4fb442f2e7bc7a3a871b73391c0d18c32ddad020dd56b20425ee"
"yaml","bmad-skill-manifest","bmm","bmm/workflows/4-implementation/bmad-retrospective/bmad-skill-manifest.yaml","ea1b058a23cd4fb442f2e7bc7a3a871b73391c0d18c32ddad020dd56b20425ee"
"yaml","bmad-skill-manifest","bmm","bmm/workflows/4-implementation/bmad-sprint-planning/bmad-skill-manifest.yaml","ea1b058a23cd4fb442f2e7bc7a3a871b73391c0d18c32ddad020dd56b20425ee"
"yaml","bmad-skill-manifest","bmm","bmm/workflows/4-implementation/bmad-sprint-status/bmad-skill-manifest.yaml","ea1b058a23cd4fb442f2e7bc7a3a871b73391c0d18c32ddad020dd56b20425ee"
"yaml","bmad-skill-manifest","bmm","bmm/workflows/bmad-document-project/bmad-skill-manifest.yaml","ea1b058a23cd4fb442f2e7bc7a3a871b73391c0d18c32ddad020dd56b20425ee"
"yaml","bmad-skill-manifest","bmm","bmm/workflows/bmad-generate-project-context/bmad-skill-manifest.yaml","ea1b058a23cd4fb442f2e7bc7a3a871b73391c0d18c32ddad020dd56b20425ee"
"yaml","bmad-skill-manifest","bmm","bmm/workflows/bmad-qa-generate-e2e-tests/bmad-skill-manifest.yaml","ea1b058a23cd4fb442f2e7bc7a3a871b73391c0d18c32ddad020dd56b20425ee"
"yaml","bmad-skill-manifest","bmm","bmm/workflows/bmad-quick-flow/bmad-quick-dev/bmad-skill-manifest.yaml","ea1b058a23cd4fb442f2e7bc7a3a871b73391c0d18c32ddad020dd56b20425ee"
"yaml","bmad-skill-manifest","bmm","bmm/workflows/bmad-quick-flow/bmad-quick-dev-new-preview/bmad-skill-manifest.yaml","ea1b058a23cd4fb442f2e7bc7a3a871b73391c0d18c32ddad020dd56b20425ee"
"yaml","bmad-skill-manifest","bmm","bmm/workflows/bmad-quick-flow/bmad-quick-spec/bmad-skill-manifest.yaml","ea1b058a23cd4fb442f2e7bc7a3a871b73391c0d18c32ddad020dd56b20425ee"
"yaml","config","bmm","bmm/config.yaml","a1750a70447cc347ce1482545293c8303bc7ebcff46ea7f47ea2773ff08d7a29"
"yaml","sprint-status-template","bmm","bmm/workflows/4-implementation/bmad-sprint-planning/sprint-status-template.yaml","b46a7bfb7d226f00bd064f111e527eee54ad470d177382a9a15f1a6dde21544c"
"yaml","team-fullstack","bmm","bmm/teams/team-fullstack.yaml","da8346b10dfad8e1164a11abeb3b0a84a1d8b5f04e01e8490a44ffca477a1b96"
"csv","brain-methods","core","core/skills/bmad-brainstorming/brain-methods.csv","0ab5878b1dbc9e3fa98cb72abfc3920a586b9e2b42609211bb0516eefd542039"
"csv","domain-complexity","core","core/tasks/bmad-create-prd/data/domain-complexity.csv","f775f09fb4dc1b9214ca22db4a3994ce53343d976d7f6e5384949835db6d2770"
"csv","methods","core","core/skills/bmad-advanced-elicitation/methods.csv","e08b2e22fec700274982e37be608d6c3d1d4d0c04fa0bae05aa9dba2454e6141"
"csv","module-help","core","core/module-help.csv","b5776ec141542f471fbfec3b42a8629e2692383ca221611ff5126a737befed0b"
"csv","project-types","core","core/tasks/bmad-create-prd/data/project-types.csv","7a01d336e940fb7a59ff450064fd1194cdedda316370d939264a0a0adcc0aca3"
"md","compression-rules","core","core/skills/bmad-distillator/resources/compression-rules.md","86e53d6a2072b379864766681d1cc4e1aad3d4428ecca8c46010f7364da32724"
"md","distillate-compressor","core","core/skills/bmad-distillator/agents/distillate-compressor.md","c00da33b39a43207a224c4043d1aa4158e90e41ab421fff0ea7cc55beec81ef8"
"md","distillate-format-reference","core","core/skills/bmad-distillator/resources/distillate-format-reference.md","0ed0e016178f606ff7b70dd852695e94bce8da6d83954257e0b85779530bcaeb"
"md","prd-purpose","core","core/tasks/bmad-create-prd/data/prd-purpose.md","49c4641b91504bb14e3887029b70beacaff83a2de200ced4f8cb11c1356ecaee"
"md","prd-template","core","core/tasks/bmad-create-prd/templates/prd-template.md","7ccccab9c06a626b7a228783b0b9b6e4172e9ec0b10d47bbfab56958c898f837"
"md","round-trip-reconstructor","core","core/skills/bmad-distillator/agents/round-trip-reconstructor.md","47c83f4a37249ddac38460d8c95d162f6fc175a8919888e8090aed71bd9383bc"
"md","SKILL","core","core/skills/bmad-advanced-elicitation/SKILL.md","9e1096c3b6087b1a479e6472b4f369f81ef3ac86510f047497a77946225ac36a"
"md","SKILL","core","core/skills/bmad-brainstorming/SKILL.md","f4a2c22b40ed34cdbd3282dd6161a3b869902f3bc75b58e181fc9faf78eedd9d"
"md","SKILL","core","core/skills/bmad-distillator/SKILL.md","9b404438deb17c56ddc08f7b823177687fb4a62f08f40dac8faa5a93f78e374d"
"md","SKILL","core","core/skills/bmad-editorial-review-prose/SKILL.md","2a8df805c9525b3fa6db2cd96dec31deba6327b5da26b98b7d927744c87dd898"
"md","SKILL","core","core/skills/bmad-editorial-review-structure/SKILL.md","619082536c4c770f1164bda994ced197bca8d9e5c140fc4af5f96cb572ac0f60"
"md","SKILL","core","core/skills/bmad-help/SKILL.md","57d85d026055fa420ba4e6c7dd9cff566175d0be67f5d627d33efb67adee245f"
"md","SKILL","core","core/skills/bmad-index-docs/SKILL.md","278818a63cd7dde0cee7c280b93f96c67566c0ab2460e721fd31fd1c95cdcb6e"
"md","SKILL","core","core/skills/bmad-party-mode/SKILL.md","558831b737cf3a6a5349b9f1338f2945da82ce2564893e642a2b49b7e62e8b3f"
"md","SKILL","core","core/skills/bmad-review-adversarial-general/SKILL.md","8b48a202f13990630c2cbc4f71da839978bc96d2a5577fe460c443781039e194"
"md","SKILL","core","core/skills/bmad-review-edge-case-hunter/SKILL.md","9f0cfeb7ee3d5deef43353b5301001087045ee59b048be56150e3880a7db8531"
"md","SKILL","core","core/skills/bmad-shard-doc/SKILL.md","3f9137b3eaae5b039ecdd7d9342a4048efd3b3eb62fb3d389893d8e61df8688b"
"md","SKILL","core","core/tasks/bmad-create-prd/SKILL.md","24de81d7553bb136d1dfb595a3f2fbd45930ece202ea2ac258eb349b4af17b5f"
"md","splitting-strategy","core","core/skills/bmad-distillator/resources/splitting-strategy.md","26d3ed05f912cf99ff9ebe2353f2d84d70e3e852e23a32b1215c13416ad708b5"
"md","step-01-agent-loading","core","core/skills/bmad-party-mode/steps/step-01-agent-loading.md","04ab6b6247564f7edcd5c503f5ca7d27ae688b09bbe2e24345550963a016e9f9"
"md","step-01-init","core","core/tasks/bmad-create-prd/steps-c/step-01-init.md","922f59e960569f68bbf0d2c17ecdca74e9d9b92c6a802a5ea888e10774be7738"
"md","step-01-session-setup","core","core/skills/bmad-brainstorming/steps/step-01-session-setup.md","7fd2aed9527ccdf35fc86bd4c9b27b4a530b5cfdfb90ae2b7385d3185bcd60bc"
"md","step-01b-continue","core","core/skills/bmad-brainstorming/steps/step-01b-continue.md","49f8d78290291f974432bc8e8fce340de58ed62aa946e9e3182858bf63829920"
"md","step-01b-continue","core","core/tasks/bmad-create-prd/steps-c/step-01b-continue.md","bdc3677aa220c4822b273d9bc8579669e003cc96d49475ddb3116bdef759cf04"
"md","step-02-discovery","core","core/tasks/bmad-create-prd/steps-c/step-02-discovery.md","4ef0a3e62c05bfe90fbeca03d58ada11017098523a563003d574462d65f51e78"
"md","step-02-discussion-orchestration","core","core/skills/bmad-party-mode/steps/step-02-discussion-orchestration.md","a8a79890bd03237e20f1293045ecf06f9a62bc590f5c2d4f88e250cee40abb0b"
"md","step-02a-user-selected","core","core/skills/bmad-brainstorming/steps/step-02a-user-selected.md","7ff3bca27286d17902ecea890494599796633e24a25ea6b31bbd6c3d2e54eba2"
"md","step-02b-ai-recommended","core","core/skills/bmad-brainstorming/steps/step-02b-ai-recommended.md","cb77b810e0c98e080b4378999f0e250bacba4fb74c1bcb0a144cffe9989d2cbd"
"md","step-02b-vision","core","core/tasks/bmad-create-prd/steps-c/step-02b-vision.md","641fcd72722c34850bf2daf38a4dfc544778999383aa9b33b4e7569de5860721"
"md","step-02c-executive-summary","core","core/tasks/bmad-create-prd/steps-c/step-02c-executive-summary.md","7abf23a4ae7a7e1653cb86d90fdb1698cbe876628de3273b5638cfb05e34b615"
"md","step-02c-random-selection","core","core/skills/bmad-brainstorming/steps/step-02c-random-selection.md","91c6e16213911a231a41b1a55be7c939e7bbcd1463bd49cb03b5b669a90c0868"
"md","step-02d-progressive-flow","core","core/skills/bmad-brainstorming/steps/step-02d-progressive-flow.md","6b6fbbd34bcf334d79f09e8c36ed3c9d55ddd3ebb8f8f77aa892643d1a4e3436"
"md","step-03-graceful-exit","core","core/skills/bmad-party-mode/steps/step-03-graceful-exit.md","85e87df198fbb7ce1cf5e65937c4ad6f9ab51a2d80701979570f00519a2d9478"
"md","step-03-success","core","core/tasks/bmad-create-prd/steps-c/step-03-success.md","3959db0848f9a4c99f80ac8d59855f9bb77f833475d3d5512e623d62b52b86dc"
"md","step-03-technique-execution","core","core/skills/bmad-brainstorming/steps/step-03-technique-execution.md","b97afefd4ccc5234e554a3dfc5555337269ce171e730b250c756718235e9df60"
"md","step-04-idea-organization","core","core/skills/bmad-brainstorming/steps/step-04-idea-organization.md","acb7eb6a54161213bb916cabf7d0d5084316704e792a880968fc340855cdcbbb"
"md","step-04-journeys","core","core/tasks/bmad-create-prd/steps-c/step-04-journeys.md","a9f2b74f06230916f66a1cf42437e4173061a157642c5eaf0d985d4078872526"
"md","step-05-domain","core","core/tasks/bmad-create-prd/steps-c/step-05-domain.md","983617d33fe6b7e911f34cf6a2adb86be595952ab9a7c7308e7f6b3858b39a12"
"md","step-06-innovation","core","core/tasks/bmad-create-prd/steps-c/step-06-innovation.md","a0b3863e11f1dc91c73871967c26c3a2746a11c29a1cd23ee000df5b6b22f1b3"
"md","step-07-project-type","core","core/tasks/bmad-create-prd/steps-c/step-07-project-type.md","ba60660354a1aa7dff8a03bfff79ace4589af13e3a2945ae78157a33abd12f17"
"md","step-08-scoping","core","core/tasks/bmad-create-prd/steps-c/step-08-scoping.md","b1273a563a4cb440901bcda12ffdb27a37694c4cc4431196396d07a3737ae0aa"
"md","step-09-functional","core","core/tasks/bmad-create-prd/steps-c/step-09-functional.md","4880a2f02fdc43964bd753c733c7800b9ccf6b1ccf194b2a8c3f09f1ad85843c"
"md","step-10-nonfunctional","core","core/tasks/bmad-create-prd/steps-c/step-10-nonfunctional.md","afde3cd586227cec7863267518667605e9487025a9c0f3b7f220c66adbbc347c"
"md","step-11-polish","core","core/tasks/bmad-create-prd/steps-c/step-11-polish.md","7648f29eda46aa75dd3a23045d9e8513995a7c56e18ac28f4912b5d05340b9cc"
"md","step-12-complete","core","core/tasks/bmad-create-prd/steps-c/step-12-complete.md","cce81ef9c88e910ea729710ab7104ee23c323479f90375208d3910abe0a5adcf"
"md","template","core","core/skills/bmad-brainstorming/template.md","5c99d76963eb5fc21db96c5a68f39711dca7c6ed30e4f7d22aedee9e8bb964f9"
"md","workflow","core","core/skills/bmad-advanced-elicitation/workflow.md","86acfb60c9fbd22a807659aefcbce98442d6244a45911d11c5b83bce5155d971"
"md","workflow","core","core/skills/bmad-brainstorming/workflow.md","74c87846a5cda7a4534ea592ea3125a8d8a1a88d19c94f5f4481fb28d0d16bf2"
"md","workflow","core","core/skills/bmad-editorial-review-prose/workflow.md","998ad2589728fac834820639886744bb3d1606674a1b2a1ab0da47fae8eb3e50"
"md","workflow","core","core/skills/bmad-editorial-review-structure/workflow.md","ea2ab3dc9e586b1cc962371eac3e894719752536d3d8b6d68892d5aa68a46505"
"md","workflow","core","core/skills/bmad-help/workflow.md","e610f8be8f1a5742cea912378ffbe2f580b20ee5c6c6f13bdbbab61dd98ef567"
"md","workflow","core","core/skills/bmad-index-docs/workflow.md","295495eb83ee0f167629b1eafb906e02eb7e151b2378f4858a1fd23c130c3bce"
"md","workflow","core","core/skills/bmad-party-mode/workflow.md","e4f7328ccac68ecb7fb346c6b8f4e2e52171b63cff9070c0b382124872e673cb"
"md","workflow","core","core/skills/bmad-review-adversarial-general/workflow.md","dd6f172ecec5f5a3aa94904b96f53dbc0d8560e93aaf16f23b801c5649b2d798"
"md","workflow","core","core/skills/bmad-review-edge-case-hunter/workflow.md","77b50cf0a221eb6ff90a824593feac4f04fc7f694d4791e0fa9599e5919b54aa"
"md","workflow","core","core/skills/bmad-shard-doc/workflow.md","0188bc74dc52d7cdc45106fcb087eabbbc645b49f2ededb797d57bdde4e9b02d"
"md","workflow","core","core/tasks/bmad-create-prd/workflow.md","e40e1e72e3130d0189f77ae79f1ab242d504d963bf53c2a52e1fce8c0bc7e06e"
"py","analyze_sources","core","core/skills/bmad-distillator/scripts/analyze_sources.py","31e2a8441c3c43c2536739c580cdef6abecb18ff20e7447f42dd868875783166"
"py","test_analyze_sources","core","core/skills/bmad-distillator/scripts/tests/test_analyze_sources.py","d90525311f8010aaf8d7d9212a370468a697866190bae78c35d0aae9b7f23fdf"
"yaml","bmad-skill-manifest","core","core/skills/bmad-advanced-elicitation/bmad-skill-manifest.yaml","ea1b058a23cd4fb442f2e7bc7a3a871b73391c0d18c32ddad020dd56b20425ee"
"yaml","bmad-skill-manifest","core","core/skills/bmad-brainstorming/bmad-skill-manifest.yaml","ea1b058a23cd4fb442f2e7bc7a3a871b73391c0d18c32ddad020dd56b20425ee"
"yaml","bmad-skill-manifest","core","core/skills/bmad-distillator/bmad-skill-manifest.yaml","9cfedfd2e5a5bbede8436e5357bb9d49746430f6b9f912414abb643ed4cac49b"
"yaml","bmad-skill-manifest","core","core/skills/bmad-editorial-review-prose/bmad-skill-manifest.yaml","ea1b058a23cd4fb442f2e7bc7a3a871b73391c0d18c32ddad020dd56b20425ee"
"yaml","bmad-skill-manifest","core","core/skills/bmad-editorial-review-structure/bmad-skill-manifest.yaml","ea1b058a23cd4fb442f2e7bc7a3a871b73391c0d18c32ddad020dd56b20425ee"
"yaml","bmad-skill-manifest","core","core/skills/bmad-help/bmad-skill-manifest.yaml","ea1b058a23cd4fb442f2e7bc7a3a871b73391c0d18c32ddad020dd56b20425ee"
"yaml","bmad-skill-manifest","core","core/skills/bmad-index-docs/bmad-skill-manifest.yaml","ea1b058a23cd4fb442f2e7bc7a3a871b73391c0d18c32ddad020dd56b20425ee"
"yaml","bmad-skill-manifest","core","core/skills/bmad-party-mode/bmad-skill-manifest.yaml","ea1b058a23cd4fb442f2e7bc7a3a871b73391c0d18c32ddad020dd56b20425ee"
"yaml","bmad-skill-manifest","core","core/skills/bmad-review-adversarial-general/bmad-skill-manifest.yaml","ea1b058a23cd4fb442f2e7bc7a3a871b73391c0d18c32ddad020dd56b20425ee"
"yaml","bmad-skill-manifest","core","core/skills/bmad-review-edge-case-hunter/bmad-skill-manifest.yaml","ea1b058a23cd4fb442f2e7bc7a3a871b73391c0d18c32ddad020dd56b20425ee"
"yaml","bmad-skill-manifest","core","core/skills/bmad-shard-doc/bmad-skill-manifest.yaml","ea1b058a23cd4fb442f2e7bc7a3a871b73391c0d18c32ddad020dd56b20425ee"
"yaml","bmad-skill-manifest","core","core/tasks/bmad-create-prd/bmad-skill-manifest.yaml","ea1b058a23cd4fb442f2e7bc7a3a871b73391c0d18c32ddad020dd56b20425ee"
"yaml","config","core","core/config.yaml","4ff6b7f01aebd2a9c6594303b315e56fea3dc59290646e9fec5c5d7731c2c6cd"
"csv","documentation-requirements","gds","gds/workflows/gds-document-project/documentation-requirements.csv","efc91d54787939a2dd2c22400e6b9b6f58835a741ea557e8971b5b333ce666e8"
"csv","domain-complexity","gds","gds/workflows/2-design/create-prd/data/domain-complexity.csv","4b0d69891b11300bd9228ccfa84a508e76cb702e7abddfc394c5e98d7d3680e1"
"csv","game-brain-methods","gds","gds/workflows/1-preproduction/gds-brainstorm-game/game-brain-methods.csv","f6fb96d2134a941ad0dd6cbdcb7bdcc01b7c04b1009e196cf859fc330f843bdb"
"csv","game-types","gds","gds/workflows/2-design/gds-create-gdd/game-types.csv","4f4a61090a084188178340aa08edaa8f3a08029bac7f01f23f228723b9524a59"
"csv","module-help","gds","gds/module-help.csv","e660fa15f58a6d91f3c020a02ab2f1a4e75520dbeaa3a352ce99f2b061bd8fcc"
"csv","pattern-categories","gds","gds/workflows/3-technical/gds-game-architecture/pattern-categories.csv","490bb6b7d5abfd5c1b20dca04399870c030b5d5d2db7148621d43f08044616e8"
"csv","project-types","gds","gds/workflows/2-design/create-prd/data/project-types.csv","2ea18a3e100f51cf26f0311949e7b7f76c6005e85271df0afd8d1b5632faaf57"
"csv","qa-index","gds","gds/gametest/qa-index.csv","a94275a48134c19edbd8b4c457dfbde049e003cbce0a86a4c79b19ca91809dc2"
"json","project-scan-report-schema","gds","gds/workflows/gds-document-project/templates/project-scan-report-schema.json","4c27adf9407907f31150d03d233f782f165aae9f754ecfa5532d0eed36c8bc94"
"md","action-platformer","gds","gds/workflows/2-design/gds-create-gdd/game-types/action-platformer.md","f711632d2a1067243347cfa5686488377421b8a0337e32ab06031c7d1051cb76"
"md","adventure","gds","gds/workflows/2-design/gds-create-gdd/game-types/adventure.md","2a242677235821099af6adcfc4a17dbeabe9ad914fb5c4599eab4f8691c86402"
"md","architecture-template","gds","gds/workflows/3-technical/gds-game-architecture/templates/architecture-template.md","1522ecf71409013bd057b8bc175744c9c0d988ae1c50f197c342ad26e8ece1d2"
"md","backlog-template","gds","gds/workflows/4-production/gds-code-review/backlog-template.md","42c4a61b30a8d1bfc670934db31622097b679ceee80f7744de823a77fa6ccd42"
"md","balance-testing","gds","gds/gametest/knowledge/balance-testing.md","aeea1da343ec80b7fbec0cc6ddc49cc70f9be1d6240644c3f065b42322886f0b"
"md","card-game","gds","gds/workflows/2-design/gds-create-gdd/game-types/card-game.md","63a72a7cd8e9c15ff0778ca2af49ee146daf7a8d0772f83afc6e8421b088b1fd"
"md","certification-testing","gds","gds/gametest/knowledge/certification-testing.md","70a96efd6ba9f726057a896d0107d0f35f390749da8da373565e5b2f2b2fbfea"
"md","checklist","gds","gds/workflows/1-preproduction/gds-create-game-brief/checklist.md","ddb4129f1f7474f25e78a4836410d6b3432ee5c6344414647ce3c8c3af1c56f5"
"md","checklist","gds","gds/workflows/2-design/gds-create-gdd/checklist.md","43da9cadbca5dc6a18f998560ac85cb471ebf265ed1fc292b30b5e5046f424a2"
"md","checklist","gds","gds/workflows/2-design/gds-create-narrative/checklist.md","e780d2703a61e6f9b6bdf0d624671140a9b93e42cdf9dcd521f41d5a7be9f967"
"md","checklist","gds","gds/workflows/3-technical/gds-game-architecture/checklist.md","0df887272138bfb3d05d963ef24648b5338d22f8cbe8c58b539ee38b977f42aa"
"md","checklist","gds","gds/workflows/4-production/gds-code-review/checklist.md","dce9eaefa805082b447b2db3cef98cba72d71eb9fae62c7ebd5c0760340134cb"
"md","checklist","gds","gds/workflows/4-production/gds-correct-course/checklist.md","36ac623dda0d3328d9d6ea46b314733c618ce63a081d31bdb75ebef9efe0566e"
"md","checklist","gds","gds/workflows/4-production/gds-create-story/checklist.md","0291e068003dda0359c41b925beee202ad083e632061e26fa37bdfb9f09cd6c6"
"md","checklist","gds","gds/workflows/4-production/gds-dev-story/checklist.md","277b5b2157d37162ed6eb1b4cdfe08bb4100fe719994a8ac8d019339a458995b"
"md","checklist","gds","gds/workflows/4-production/gds-sprint-planning/checklist.md","cc4f8e9411dbf9e644333790f867d74027aae3721cbc7f11d574536bf903a0aa"
"md","checklist","gds","gds/workflows/gametest/gds-e2e-scaffold/checklist.md","4bef23b4063d2f6caf26d9d2baba4cc69ea2c54c3f6096c70de80b5b8fd1b130"
"md","checklist","gds","gds/workflows/gametest/gds-performance-test/checklist.md","985a67a8c278f43096b9f52c59182e8de9ae9a55b04808fb740951809a3f96a5"
"md","checklist","gds","gds/workflows/gametest/gds-playtest-plan/checklist.md","d79ecf7b93060a46d9912a90973eab3d0dfeac68815b5275d2c1a5f7416cf952"
"md","checklist","gds","gds/workflows/gametest/gds-test-automate/checklist.md","83290eb804ca6b3d4283c7f69db1d9fb3160b8da708639303177c71af4408f2e"
"md","checklist","gds","gds/workflows/gametest/gds-test-design/checklist.md","5542d92ad346ebfb86a2415a2217707ca76b3d39bf234280062a31b6e28bf875"
"md","checklist","gds","gds/workflows/gametest/gds-test-framework/checklist.md","6ecc1995f2e0f94984d65a7b246a30e9bddaed217f0a48127e022254ee3c356e"
"md","checklist","gds","gds/workflows/gametest/gds-test-review/checklist.md","1f4abe8931ba4964d8db592cdad287df858f834c45cadd20bf7e1588ada5d2ee"
"md","checklist","gds","gds/workflows/gds-document-project/checklist.md","3b6856939315f71dc3ecc5a098c961fdc9f3615d3a032f0bc3dad565ac17bc38"
"md","compatibility-testing","gds","gds/gametest/knowledge/compatibility-testing.md","1a26a1726abb77f7b482ba35d16f17ab574bfd62b4a025565e8645bae228fe6a"
"md","deep-dive-instructions","gds","gds/workflows/gds-document-project/workflows/deep-dive-instructions.md","6ee83a843f26e4b304fc8831d8a51e67b1f7d5bd9884af7e46ad64c2a4938986"
"md","deep-dive-template","gds","gds/workflows/gds-document-project/templates/deep-dive-template.md","2d098bb425f58d1d49ab5c6b7c1a8c92af9271d281bacafe000fed059a1a206d"
"md","deep-dive-workflow","gds","gds/workflows/gds-document-project/workflows/deep-dive-workflow.md","8e3abd158775a850394cae72bc5569c295a9cfee06279ce8c23f76b5804e9251"
"md","discover-inputs","gds","gds/workflows/4-production/gds-code-review/discover-inputs.md","19c9b1d6635fc013c8ce62c266cb72314206beb832e397b9b6c17c94df697ac1"
"md","discover-inputs","gds","gds/workflows/4-production/gds-create-story/discover-inputs.md","19c9b1d6635fc013c8ce62c266cb72314206beb832e397b9b6c17c94df697ac1"
"md","documentation-standards","gds","gds/agents/gds-agent-tech-writer/documentation-standards.md","6e7ac71138275d95c3c9160f3dffe1d6c4cc77bb97231b60b5463a6cdf42adba"
"md","e2e-testing","gds","gds/gametest/knowledge/e2e-testing.md","c3b6738f5dfc5e19699eb7a976ab53367762a6504ec1efd7c045926ea69707b7"
"md","epics-template","gds","gds/workflows/3-technical/gds-create-epics-and-stories/templates/epics-template.md","019cede457d98e414a76128b817cbc33f60b5d775ed93837ab9953ce82875ff1"
"md","explain-concept","gds","gds/agents/gds-agent-tech-writer/explain-concept.md","f9406f0372e600449fafc235202b61c9f4c385f84f9fbd16fc1b9890596ea1c1"
"md","fighting","gds","gds/workflows/2-design/gds-create-gdd/game-types/fighting.md","a3da81cf6924927931eb7338753ae8a03028a7e5e26a31428c737a151e02950f"
"md","full-scan-instructions","gds","gds/workflows/gds-document-project/workflows/full-scan-instructions.md","c0e8151b7079442c16c2445bfeb574f214d5cd6c83b7ed679c57ca63599c3b32"
"md","full-scan-workflow","gds","gds/workflows/gds-document-project/workflows/full-scan-workflow.md","f4d4b5a5d1dcd1f981892c7c6e06da7380bd427edb2f3c6623772d675908c748"
"md","game-brief-template","gds","gds/workflows/1-preproduction/gds-create-game-brief/templates/game-brief-template.md","f2c83b06e8e403bb946de0bed6e4245c66e3b0202d9790432f56319cb8b661be"
"md","game-context","gds","gds/workflows/1-preproduction/gds-brainstorm-game/game-context.md","d362430b87dfe8a9b8c3bf9ae6820235b0d46bbed326591cbb58acdb5ff70640"
"md","gdd-template","gds","gds/workflows/2-design/gds-create-gdd/templates/gdd-template.md","791dfdf0ac71a2e249984c07ca47938dcc2c602c935547124cb1eeccd3d1fbaf"
"md","godot-engine","gds","gds/workflows/3-technical/gds-game-architecture/knowledge/godot-engine.md","f554b80ed5aa61d8ac4fd2fb384aea46e38eef1695744bedddb88e24e445f2e9"
"md","godot-testing","gds","gds/gametest/knowledge/godot-testing.md","ccfdf5f7ecbc33bd3f5549bfcd47c991e6cd0c8d32719ad838e80406eda3b825"
"md","horror","gds","gds/workflows/2-design/gds-create-gdd/game-types/horror.md","7ae5d591692bf36b014da7ca3b9683d6dfe744e9a85915bc18b8e8639122a2aa"
"md","idle-incremental","gds","gds/workflows/2-design/gds-create-gdd/game-types/idle-incremental.md","410e8aa9473ef6189bc550de4721336ae3a9a1a82663388a9cea2a42726bd908"
"md","index-template","gds","gds/workflows/gds-document-project/templates/index-template.md","0e077c2d9d9ccb149a64ed82e67914d90571e23696687cf7a08ac5f2a8b18306"
"md","input-testing","gds","gds/gametest/knowledge/input-testing.md","832d5183c9629e2423cc7221781afc87459cb9f735b2fc60257165d33736ecc6"
"md","instructions","gds","gds/workflows/gds-document-project/instructions.md","c7779e06508f1852b67d8d68e80baa7126ad0dd2e38e98a112bc853b33248846"
"md","localization-testing","gds","gds/gametest/knowledge/localization-testing.md","3ac685205ac1d8dea63574a98501f5636614fbf2933d555d718acb0dbf3d3f4b"
"md","mermaid-gen","gds","gds/agents/gds-agent-tech-writer/mermaid-gen.md","f1af20cff1ddb4294f1b671eebcb80ebe515278e57ff53c4886798ba97b9f6c4"
"md","metroidvania","gds","gds/workflows/2-design/gds-create-gdd/game-types/metroidvania.md","2faa33591d6bac3c0e8c4cafe823d94b9f5f9236a1c22d38683fdb784c156b85"
"md","moba","gds","gds/workflows/2-design/gds-create-gdd/game-types/moba.md","9871adb9aacf4e503f4f339e5028a30ca16916e53770038c5568eb13f961acbb"
"md","multiplayer-testing","gds","gds/gametest/knowledge/multiplayer-testing.md","fa00a075cdbcbf21ae921148c33647280ad12b4c88f2eba3854d24c7b060824b"
"md","narrative-template","gds","gds/workflows/2-design/gds-create-narrative/templates/narrative-template.md","e12110346082ed4cbd444fce0ba0e1cc5c074dfd72ce503f00ce4df24bbf3ef3"
"md","party-game","gds","gds/workflows/2-design/gds-create-gdd/game-types/party-game.md","7de09c182571046e25d2f4c4bdaa8a1dd2a96c8a50606bcf253ed8ba370ddae1"
"md","performance-template","gds","gds/workflows/gametest/gds-performance-test/performance-template.md","71097a22589f0c21af4c32df7b63699b7b54174f1fae96dc482c5f3d27daa6e4"
"md","performance-testing","gds","gds/gametest/knowledge/performance-testing.md","572f7ca584e08bb876be2fc64ba6895decc96780cbe9b4c8e8de7730d07ad929"
"md","phaser-engine","gds","gds/workflows/3-technical/gds-game-architecture/knowledge/phaser-engine.md","9e399909bb7a7b1c8264f90230fa0f395794d4ee0987efe553c77b0da7be45ba"
"md","playtest-template","gds","gds/workflows/gametest/gds-playtest-plan/playtest-template.md","3c6120ba19f21440cec2817a4a8722509b65ac73b98f6768d3fb33a14c005cbb"
"md","playtesting","gds","gds/gametest/knowledge/playtesting.md","38dd38b24e7996323a3c78f74f9786340f22ee11ff857d42e45cdd7080cecca5"
"md","prd-purpose","gds","gds/workflows/2-design/create-prd/data/prd-purpose.md","8c49b3da98b13048ef3c9a2a51fa97747976fe7f4858bf03c63a79c1c7310110"
"md","prd-template","gds","gds/workflows/2-design/create-prd/templates/prd-template.md","d474ed4ecb6d4a627c9da54ed8d79f156671d7557a7e6a64c9f24c29b8216a71"
"md","project-context-template","gds","gds/workflows/3-technical/gds-generate-project-context/project-context-template.md","3cc240744e23cdb1048b76ecc2c0cfccb5ba1140ec9dfb47a19587a59f321c87"
"md","project-overview-template","gds","gds/workflows/gds-document-project/templates/project-overview-template.md","fd1ae5724b19829feb79245b5249c3ebf3cee30d07776939d87c7563e5bf76fd"
"md","puzzle","gds","gds/workflows/2-design/gds-create-gdd/game-types/puzzle.md","0e127487feb570735f166a7e51ecbdd69d7cb7de73439c62ef5e87b6e5b6b8f9"
"md","qa-automation","gds","gds/gametest/knowledge/qa-automation.md","fae6a6e9977cf52b10fffc85c5be41fe5c11c5aec9b885f44d42e37513b9f370"
"md","racing","gds","gds/workflows/2-design/gds-create-gdd/game-types/racing.md","e2c21ad6ae9bfdf1a309dc5a3ba3390dfb7de9a98bdfb4d7723e2c04750c9878"
"md","readiness-report-template","gds","gds/workflows/3-technical/gds-check-implementation-readiness/templates/readiness-report-template.md","79e63524734308aca3ff4c40fdfaf87521bcea2e94ad0583b47d15915d800733"
"md","regression-testing","gds","gds/gametest/knowledge/regression-testing.md","b35564996e952fe1e32c1d59d69e8ceb76dbe3cf96a852ff119082d281d00e77"
"md","research.template","gds","gds/workflows/1-preproduction/research/gds-domain-research/research.template.md","94f97bc59c113d947c6f2e1166095e1eebd8aadffb03d4bd188aeec9e51366d6"
"md","research.template","gds","gds/workflows/1-preproduction/research/research.template.md","94f97bc59c113d947c6f2e1166095e1eebd8aadffb03d4bd188aeec9e51366d6"
"md","rhythm","gds","gds/workflows/2-design/gds-create-gdd/game-types/rhythm.md","099462e504db8de6fe4e6176a2e0667a2beb3700147d733a4e5a44f7aba4d9d1"
"md","roguelike","gds","gds/workflows/2-design/gds-create-gdd/game-types/roguelike.md","13db5439305b6f8c5a985839552326ca0da359d861251b10f7585b7f123a848c"
"md","rpg","gds","gds/workflows/2-design/gds-create-gdd/game-types/rpg.md","861d9a803a43e4b95f048a0ff274ef56dbbfb8d83fea696237814731ae13e4f4"
"md","sandbox","gds","gds/workflows/2-design/gds-create-gdd/game-types/sandbox.md","404b16e49aefdeda1e022a07fb680a1584c0e1a00ddda003e80eab748e01d270"
"md","save-testing","gds","gds/gametest/knowledge/save-testing.md","c354bbbe048c32fbd8bf581de329ff933ec28e044b431888f8ca53d76434eaf1"
"md","shooter","gds","gds/workflows/2-design/gds-create-gdd/game-types/shooter.md","185d8722cf25471768440921b7b5bdca8bf58464358bd50556811fa0746e3e0c"
"md","simulation","gds","gds/workflows/2-design/gds-create-gdd/game-types/simulation.md","bbb0c3dd09cb4289c2d297aeb49d1b0261151037dd8728fddee8ab7683bfc995"
"md","SKILL","gds","gds/agents/gds-agent-game-architect/SKILL.md","d9947846ad08703b16ecb922124851f6d805ef257e988c03b4583ef0e5152cae"
"md","SKILL","gds","gds/agents/gds-agent-game-designer/SKILL.md","6132c4c36d25889343eef4c92b4fd5a493b48ba96f69f3e23e43c1e19cca7f39"
"md","SKILL","gds","gds/agents/gds-agent-game-dev/SKILL.md","870d2166d4a957b2391e0a6a601ecc5d1441913f869e25d00d24043f098ed701"
"md","SKILL","gds","gds/agents/gds-agent-game-qa/SKILL.md","28b4b2cfad30f970c201f1fc904113a17623eb2239aaafe6884bc1224fe189cd"
"md","SKILL","gds","gds/agents/gds-agent-game-scrum-master/SKILL.md","1e0b0d1b0dc6d996c4443590295d7b58424f8d666f75873a05caeefbf70b1bfc"
"md","SKILL","gds","gds/agents/gds-agent-game-solo-dev/SKILL.md","fd9132ab66bbe00023deac8b7cb8272e70cf320f98f3b632d986ca92b8021672"
"md","SKILL","gds","gds/agents/gds-agent-tech-writer/SKILL.md","9b09aa242c3f6628fef42d2e3c3ddca29b36eb9f21207082532b18250d1f50dd"
"md","SKILL","gds","gds/workflows/1-preproduction/gds-brainstorm-game/SKILL.md","a56db1907454146a9122d87181e44d26353fc263810d2f65c592ec0b044d5e33"
"md","SKILL","gds","gds/workflows/1-preproduction/gds-create-game-brief/SKILL.md","fa9ad2719f7e3a7c8f947efafa1170d26d012d686dd17ce86a12b628073cfcd6"
"md","SKILL","gds","gds/workflows/1-preproduction/research/gds-domain-research/SKILL.md","220187fc7e850635b8d05f8d23a89222d0dac6cd7a84bed75844c2ab01a447cf"
"md","SKILL","gds","gds/workflows/2-design/gds-create-gdd/SKILL.md","cb9e38f0499ab561779f07c86446eab048eb33b23dabcb4674303f769a289baf"
"md","SKILL","gds","gds/workflows/2-design/gds-create-narrative/SKILL.md","5e3fd0f5b96fa9d3f0f19e98e635f8f2db15e0d9049105d8b5d5beb1f0b31b0a"
"md","SKILL","gds","gds/workflows/2-design/gds-create-ux-design/SKILL.md","d46c699b414d29e98135523eb37ec4848a4893248211b6b506e7ab6601b236a5"
"md","SKILL","gds","gds/workflows/3-technical/gds-check-implementation-readiness/SKILL.md","69f235f148d6523887013e45d69bd9ea9569bd4debede1b0d7e0ac7154583c42"
"md","SKILL","gds","gds/workflows/3-technical/gds-create-epics-and-stories/SKILL.md","900c383ed3eb98409ee25ae698f932a0caa6035ac4bddc3bcb61382dded83fa9"
"md","SKILL","gds","gds/workflows/3-technical/gds-game-architecture/SKILL.md","55405390ace06bff1cc1189bb24c20cfb64a31046529fcac54f85143a75cd4c4"
"md","SKILL","gds","gds/workflows/3-technical/gds-generate-project-context/SKILL.md","192f2496bfdbbfe8fc6d84ba8c9aff562515d65cf163cab564f95f60f2872e4e"
"md","SKILL","gds","gds/workflows/4-production/gds-code-review/SKILL.md","5656927625c6d1816836566c09d5cdec065488b927c73cda910bbfa16f78ba47"
"md","SKILL","gds","gds/workflows/4-production/gds-correct-course/SKILL.md","58d15f8bed20a60acd5ae9bfcc08df02b069c450b72c07588a99ee40cff1b5a7"
"md","SKILL","gds","gds/workflows/4-production/gds-create-story/SKILL.md","21b211933bc077ea57a5a6c7da29b1f0f92181d510ef854792b30be4140370df"
"md","SKILL","gds","gds/workflows/4-production/gds-dev-story/SKILL.md","7d9c92d93e28457777ac0cef20d528aa1585de1a64b343c5cf145d3ae874b254"
"md","SKILL","gds","gds/workflows/4-production/gds-retrospective/SKILL.md","381225e5432907d6d6c9a47a6c249d622bfd4a9809d666140d3b139195acf98b"
"md","SKILL","gds","gds/workflows/4-production/gds-sprint-planning/SKILL.md","2c0fd056bd72990d2aa65ee274d6800e0b7144a6c7409001f7d6f70aaf6c6e01"
"md","SKILL","gds","gds/workflows/4-production/gds-sprint-status/SKILL.md","0c66530bf15aa342e71420a1c9a44035052c6037437f5bcd7cba85aabc096c24"
"md","SKILL","gds","gds/workflows/gametest/gds-e2e-scaffold/SKILL.md","229007c77c3961a404eb72139715e077341b5274f61c28ea07d1308eb9afbf21"
"md","SKILL","gds","gds/workflows/gametest/gds-performance-test/SKILL.md","1eab7d7498e283c343be2fc2503c0435c9fabd77a890fe10bd4c9fdf51724c73"
"md","SKILL","gds","gds/workflows/gametest/gds-playtest-plan/SKILL.md","318c34b3f793b9563a1c07653dc0fd18b56bf3cd17c4e5a595037a0087e29a62"
"md","SKILL","gds","gds/workflows/gametest/gds-test-automate/SKILL.md","91acd8994591744c81090f98108a810f4e7d358bf63093cab1cbc75878bfcaa2"
"md","SKILL","gds","gds/workflows/gametest/gds-test-design/SKILL.md","4aaae301ad3bcb21b1d13def82156d8f57e771bfbd30180af1aca1c04e413478"
"md","SKILL","gds","gds/workflows/gametest/gds-test-framework/SKILL.md","04467956eaae1435757de3ed8cab32830db6bca86b71582a1d3f4b693d905cc7"
"md","SKILL","gds","gds/workflows/gametest/gds-test-review/SKILL.md","178c7c22b64f6a0fd2d2470d814ab1013a1314a1ee55b9278355569d00e561a0"
"md","SKILL","gds","gds/workflows/gds-document-project/SKILL.md","8dfb44c847181389607b3b1298720cf3a975d31bb7332d27a4863627efa6f179"
"md","SKILL","gds","gds/workflows/gds-quick-flow/gds-quick-dev/SKILL.md","eda11169ce950ecde2d4c1e56df7e4912b0ba705a8b3fb57217a644d00225f1e"
"md","SKILL","gds","gds/workflows/gds-quick-flow/gds-quick-dev-new-preview/SKILL.md","6b80e12abdf0fb715772110fbfb9b487726ea738b4193b3ac583d8edcc99c301"
"md","SKILL","gds","gds/workflows/gds-quick-flow/gds-quick-spec/SKILL.md","e0cc7318ac1ac67996158d6af6845e0cac0285943f3798753d17a59f4a7000a9"
"md","smoke-testing","gds","gds/gametest/knowledge/smoke-testing.md","1b33fe5eb2305103b96cd4a755640f4fa08f8ffc8c59a0fe04110c1532078866"
"md","source-tree-template","gds","gds/workflows/gds-document-project/templates/source-tree-template.md","f0094b1e0a9770c8c408b86f978b660c253fe99affcf2b67e1cf7aa9b40e74cb"
"md","sports","gds","gds/workflows/2-design/gds-create-gdd/game-types/sports.md","f2f582cd89412e803f9714e5f44ee9854ed2d1a2debd588900fc1792756057b7"
"md","step-01-clarify-and-route","gds","gds/workflows/gds-quick-flow/gds-quick-dev-new-preview/steps/step-01-clarify-and-route.md","e8167c65c13feaaffdc093fd08ebe87e5552cc93a425737183d0a2eeeb180d0e"
"md","step-01-discover","gds","gds/workflows/3-technical/gds-generate-project-context/steps/step-01-discover.md","54cfaa77d7528d319a089bc1f97f1d8b6d421688e7e888faaf0bac7d387f0c4e"
"md","step-01-document-discovery","gds","gds/workflows/3-technical/gds-check-implementation-readiness/steps/step-01-document-discovery.md","67bb32cc42c91561da6572c237c3a76b14e6eef9b029255a3d102324dfc9debf"
"md","step-01-init","gds","gds/workflows/1-preproduction/gds-brainstorm-game/steps/step-01-init.md","387af27c94cb1995f1f0f1b61a7925d0aa104406f6682db32457009402508454"
"md","step-01-init","gds","gds/workflows/1-preproduction/gds-create-game-brief/steps/step-01-init.md","e4d2850d14ee828a22f5a2c1f129d51e405252a189df4b933d01012a082acb55"
"md","step-01-init","gds","gds/workflows/1-preproduction/research/gds-domain-research/domain-steps/step-01-init.md","50a57ffaeee886b1d568a4dff195e41dccaff3074d8ae1fa40d3783b76538a3c"
"md","step-01-init","gds","gds/workflows/1-preproduction/research/market-steps/step-01-init.md","0abbdb75d96de862f8cf19acc42cca5e1502d65be043f851bf75d7e760c5ee86"
"md","step-01-init","gds","gds/workflows/1-preproduction/research/technical-steps/step-01-init.md","798be6a9234469a5a204a324ea8475aac4cdcbca0ed0047cf32bb9ce0deed66a"
"md","step-01-init","gds","gds/workflows/2-design/create-prd/steps-c/step-01-init.md","7b2b06135ea2b10fedd5f8772f46a44aa6a899c8aec52d3610b0c8a443acb160"
"md","step-01-init","gds","gds/workflows/2-design/gds-create-gdd/steps/step-01-init.md","bd5f4de09004badb6619acd2c5bdb8f90d0fb43709ed62854a5f09e1a7175b9f"
"md","step-01-init","gds","gds/workflows/2-design/gds-create-narrative/steps/step-01-init.md","aaad27ab89da25c75550b2007870d1ffb591233be995ea6f4a7252d4c65e2848"
"md","step-01-init","gds","gds/workflows/2-design/gds-create-ux-design/steps/step-01-init.md","f531a5ca115f36c9521d7a05ebb468037f6f7875088aa5c5698eae39f3d6bdf5"
"md","step-01-init","gds","gds/workflows/3-technical/gds-game-architecture/steps/step-01-init.md","8dd8000f903c227ad57a0b1dbcc21afd01a5891e9183556d2101cd4c2be5ad23"
"md","step-01-mode-detection","gds","gds/workflows/gds-quick-flow/gds-quick-dev/steps/step-01-mode-detection.md","838ecd90846d77466c7895f36ad836a0917a05189cafb86e5fdfcb70ebf029d1"
"md","step-01-understand","gds","gds/workflows/gds-quick-flow/gds-quick-spec/steps/step-01-understand.md","75ea249deede219cc35f4481cf0c6c012d5ae82b99ee127b9f0e419d9506da37"
"md","step-01-validate-prerequisites","gds","gds/workflows/3-technical/gds-create-epics-and-stories/steps/step-01-validate-prerequisites.md","fec8443bc13a4a8c55354c1723a2000372501a8cb9ec95b4a9ce83323da21d94"
"md","step-01b-continue","gds","gds/workflows/1-preproduction/gds-create-game-brief/steps/step-01b-continue.md","a91fda08e9878491a9792c469fd2bdca0187c3ece503cad9d67cdccd4255fbbd"
"md","step-01b-continue","gds","gds/workflows/2-design/create-prd/steps-c/step-01b-continue.md","c758da2eab9caa7c0ae30cd1a21cd1bdb590509552ff12808bc66b0f2f0f0333"
"md","step-01b-continue","gds","gds/workflows/2-design/gds-create-gdd/steps/step-01b-continue.md","c2015ca6350fbb2078f153495519ddacb48c671a6bb9794c5515cf196f033416"
"md","step-01b-continue","gds","gds/workflows/2-design/gds-create-narrative/steps/step-01b-continue.md","8b32f84fabe6752cee658b7d556293b5d96da1502502196d7d50622b02f0a072"
"md","step-01b-continue","gds","gds/workflows/2-design/gds-create-ux-design/steps/step-01b-continue.md","2aac065c9932aa7b1c89ff6f435d8963e8127dfb63bf9f870dcc078621186e2f"
"md","step-01b-continue","gds","gds/workflows/3-technical/gds-game-architecture/steps/step-01b-continue.md","e93feb4f04ba5da080c5f604cd035514fa4740270bbe6cceafeb80ad350bddd2"
"md","step-02-context","gds","gds/workflows/1-preproduction/gds-brainstorm-game/steps/step-02-context.md","6abcde27157abb8e7318fca239f2c4dc3483b28b060b6475d2f0bda1c037e407"
"md","step-02-context","gds","gds/workflows/2-design/gds-create-gdd/steps/step-02-context.md","75712b0214923ca5bd498f68f309b40c4c5496847c67255f844432ffa5ea6835"
"md","step-02-context","gds","gds/workflows/3-technical/gds-game-architecture/steps/step-02-context.md","6eb34f13af3ba257085dd97a74c3e6846732ead528d3b0085cfbf30558aa4ceb"
"md","step-02-context-gathering","gds","gds/workflows/gds-quick-flow/gds-quick-dev/steps/step-02-context-gathering.md","bbce1963eface92d81430150de41768bf690a4df8f667e7c172b18e03d55399b"
"md","step-02-customer-behavior","gds","gds/workflows/1-preproduction/research/market-steps/step-02-customer-behavior.md","4603f8de79cc8c77c1fceb45af071dd9cc0fe4b306d84a5cd49fc9c5dc654eee"
"md","step-02-design-epics","gds","gds/workflows/3-technical/gds-create-epics-and-stories/steps/step-02-design-epics.md","e1b9b72580bd5acb6d2e5175abf3665d011a27f6c272d8d1eae1f52bfffa05a3"
"md","step-02-discovery","gds","gds/workflows/2-design/create-prd/steps-c/step-02-discovery.md","7dc82168801af3ab5636796c589d158e8b292ec8b54505c8aa84e902482f8d6d"
"md","step-02-discovery","gds","gds/workflows/2-design/gds-create-ux-design/steps/step-02-discovery.md","393783062b3368b0d03b841f4b06f4a0c3d7f6538e5c10dbd87e3910232290d8"
"md","step-02-domain-analysis","gds","gds/workflows/1-preproduction/research/gds-domain-research/domain-steps/step-02-domain-analysis.md","6fe5a82ef0098b47a6a73d34b21c95e10619fdd2d1600582848b8456b749ca35"
"md","step-02-foundation","gds","gds/workflows/2-design/gds-create-narrative/steps/step-02-foundation.md","0c07252f63221e8be5f17284408934e15b4799a34b5db8feb5ed28085cb3ad0e"
"md","step-02-gdd-analysis","gds","gds/workflows/3-technical/gds-check-implementation-readiness/steps/step-02-gdd-analysis.md","9e9141a287b508ddb3fc756d0e90bd97b3c73800a69a939122f4db8f68297b4f"
"md","step-02-generate","gds","gds/workflows/3-technical/gds-generate-project-context/steps/step-02-generate.md","11deeb2b4bc97f8c5e0a9b234cba937781cd03a874a3cb05e4044d7116ea443c"
"md","step-02-investigate","gds","gds/workflows/gds-quick-flow/gds-quick-spec/steps/step-02-investigate.md","76ecd7190a44ee72e9f7d2450cc05f52a9f95a890bc472cc8ba49f62b66b3ece"
"md","step-02-plan","gds","gds/workflows/gds-quick-flow/gds-quick-dev-new-preview/steps/step-02-plan.md","2309a85cac8df05f518c6d170cf99df5492162546985e93066af7af2a90849c1"
"md","step-02-technical-overview","gds","gds/workflows/1-preproduction/research/technical-steps/step-02-technical-overview.md","2645cd73ff2bae09088961a8d8cfc41fe572dbc1d4e95b59bb678fbdb739c523"
"md","step-02-vision","gds","gds/workflows/1-preproduction/gds-create-game-brief/steps/step-02-vision.md","d18fe87770dd3be606700bba9a550d0222a03fe306e032415f92aac9be6b52ab"
"md","step-02b-vision","gds","gds/workflows/2-design/create-prd/steps-c/step-02b-vision.md","6edaf0b9dd99fb135484662a4b0bd0105b20da8fe1c46eaf1bf57339ab8c63cc"
"md","step-02c-executive-summary","gds","gds/workflows/2-design/create-prd/steps-c/step-02c-executive-summary.md","ab8fb49807785088369ee9e837ee19d2feaa97d66173d3748dd4828138c447a5"
"md","step-03-competitive-landscape","gds","gds/workflows/1-preproduction/research/gds-domain-research/domain-steps/step-03-competitive-landscape.md","a4e67a4cc2d7f0e88e07bbf431c7d94f51dbb505f4171a6eefcba6cfb208dcd2"
"md","step-03-complete","gds","gds/workflows/3-technical/gds-generate-project-context/steps/step-03-complete.md","b33c31b630ac09ad2735a4265c5d29accab816f588fcc194b81366c2f77de20e"
"md","step-03-core-experience","gds","gds/workflows/2-design/gds-create-ux-design/steps/step-03-core-experience.md","f20ef5018e52d0d5c243782d3b104053e37e6f5772bf51417839c34d62bad853"
"md","step-03-create-stories","gds","gds/workflows/3-technical/gds-create-epics-and-stories/steps/step-03-create-stories.md","b5cd99d791996ce997da9c62ee931382abddc1ba2f85f90efa88be96b04cc984"
"md","step-03-customer-pain-points","gds","gds/workflows/1-preproduction/research/market-steps/step-03-customer-pain-points.md","676242d1e204c864cc8a90947ee180f91293b3130921effbe01576b618a255da"
"md","step-03-epic-coverage-validation","gds","gds/workflows/3-technical/gds-check-implementation-readiness/steps/step-03-epic-coverage-validation.md","382801a2562cd967e222fbe94385573c5bd910c778647b33efdd794c45cac0b2"
"md","step-03-execute","gds","gds/workflows/gds-quick-flow/gds-quick-dev/steps/step-03-execute.md","cf7d2f9161e32f1c86cf1d05b100ea242ce34f80c557e2086bfd916b6e3a82af"
"md","step-03-generate","gds","gds/workflows/gds-quick-flow/gds-quick-spec/steps/step-03-generate.md","16c011aded15143951c0b1221d1df523d476ac4ac973af64239227ec53261228"
"md","step-03-ideation","gds","gds/workflows/1-preproduction/gds-brainstorm-game/steps/step-03-ideation.md","60d66f470df2b46ed992d1ccb0b9a399801901300afd06a4e40e55a5c75ccade"
"md","step-03-implement","gds","gds/workflows/gds-quick-flow/gds-quick-dev-new-preview/steps/step-03-implement.md","c8004eecdc0d7e5f6bb5af5b0411b15c3c121da62be37ca00294cf3debf4db7f"
"md","step-03-integration-patterns","gds","gds/workflows/1-preproduction/research/technical-steps/step-03-integration-patterns.md","d56c50d10feb1db60598c319e079feab13016e297c674455cc05e63e7f1b366f"
"md","step-03-market","gds","gds/workflows/1-preproduction/gds-create-game-brief/steps/step-03-market.md","acfccec5f3513e780645e6385ddfb4ee90c5e1a36b092e9b6c844eb99836cb44"
"md","step-03-platforms","gds","gds/workflows/2-design/gds-create-gdd/steps/step-03-platforms.md","cfe688b658d7f0ba2af35324fa5b7f745e5b0f443cd0690fa5b9adb4738bde19"
"md","step-03-starter","gds","gds/workflows/3-technical/gds-game-architecture/steps/step-03-starter.md","90130c4f6c96191afd83bb4926cee42f2988fb9d25e16d189bf9743785d4c66a"
"md","step-03-story","gds","gds/workflows/2-design/gds-create-narrative/steps/step-03-story.md","504677a3f12ed5f25cf1464447eef49456db799ac6f4b35b5540add37946472f"
"md","step-03-success","gds","gds/workflows/2-design/create-prd/steps-c/step-03-success.md","94abd221a3e3a384d0827b0857bfde033e111b68f0c57186340d2d3a23b7c93f"
"md","step-04-architectural-patterns","gds","gds/workflows/1-preproduction/research/technical-steps/step-04-architectural-patterns.md","fc86d8ded78009f15bd0f8fa5501fd73853f2ac689504366cd2bf825a6a66802"
"md","step-04-characters","gds","gds/workflows/2-design/gds-create-narrative/steps/step-04-characters.md","5588837de615e76c9c33292b63e395879a8a9090dc83edaec1bd852f04d109e8"
"md","step-04-complete","gds","gds/workflows/1-preproduction/gds-brainstorm-game/steps/step-04-complete.md","576aec719ec975f3ee357f0389da36e9b59fda594eac6aebf00ad47d59af4098"
"md","step-04-customer-decisions","gds","gds/workflows/1-preproduction/research/market-steps/step-04-customer-decisions.md","a8cec1d9c601f925baddbd57e5af21c04a6632ca6cdeb26f5d8c2a619390ef61"
"md","step-04-decisions","gds","gds/workflows/3-technical/gds-game-architecture/steps/step-04-decisions.md","2ccd91d7a17eda4eca080acd82de72be4a5c0d172fe58b94d4b26663fa52268a"
"md","step-04-emotional-response","gds","gds/workflows/2-design/gds-create-ux-design/steps/step-04-emotional-response.md","28e09314f3f74b6c7f0161500248756f4a23aff522c48cedb8e49870419e221a"
"md","step-04-final-validation","gds","gds/workflows/3-technical/gds-create-epics-and-stories/steps/step-04-final-validation.md","f61f460c49783b3680d149be8b8fb0406e1860769c83e9b2da3425951cbd88f0"
"md","step-04-fundamentals","gds","gds/workflows/1-preproduction/gds-create-game-brief/steps/step-04-fundamentals.md","91ca1da1c4dc51a8c18f3edf09430713303e324056210ac8113626080e6985bb"
"md","step-04-journeys","gds","gds/workflows/2-design/create-prd/steps-c/step-04-journeys.md","b0d78b608c599732c42a0f67234fd37e8befa6b4f296937ed5b1d75a2d465353"
"md","step-04-regulatory-focus","gds","gds/workflows/1-preproduction/research/gds-domain-research/domain-steps/step-04-regulatory-focus.md","8a2b9622263b7ec614f487f72e2c879c478639f5bb9d7f6f201a5a3b0745fcb2"
"md","step-04-review","gds","gds/workflows/gds-quick-flow/gds-quick-dev-new-preview/steps/step-04-review.md","0ab788702dfb60b6987fa3a426ce6f159664dd8e4c132312767c8a720730d1f6"
"md","step-04-review","gds","gds/workflows/gds-quick-flow/gds-quick-spec/steps/step-04-review.md","c7f98c9f98cface84a1f7519684f1087df10b65c243ee5854048f4d1dc1f0375"
"md","step-04-self-check","gds","gds/workflows/gds-quick-flow/gds-quick-dev/steps/step-04-self-check.md","82b7c8a389e1b5284953918ab61abdc7185d9bfbffc4d397d5e39a42a4cee0ee"
"md","step-04-ux-alignment","gds","gds/workflows/3-technical/gds-check-implementation-readiness/steps/step-04-ux-alignment.md","1db7f77eb51c51bf8fa57bec7756bf72e6044d824ad2fee0b1944000a2c9fee7"
"md","step-04-vision","gds","gds/workflows/2-design/gds-create-gdd/steps/step-04-vision.md","8241a1a57e1260712ede6fb38a129ed436732b3b16967a2a26d2dc710a013476"
"md","step-05-adversarial-review","gds","gds/workflows/gds-quick-flow/gds-quick-dev/steps/step-05-adversarial-review.md","559a0f47f457bb4dc1e431b1ef227d686b9bb59eb43af8cfd1108d07fd76ede8"
"md","step-05-competitive-analysis","gds","gds/workflows/1-preproduction/research/market-steps/step-05-competitive-analysis.md","1fb1ddf478d2e61fd51084d8cd272cec99f22c7be68aad4405fe8adc3261ffef"
"md","step-05-core-gameplay","gds","gds/workflows/2-design/gds-create-gdd/steps/step-05-core-gameplay.md","cbc86e1fd4c0e435519d68bc24cc6531fe94630d9e61b29da4356889d60cac4c"
"md","step-05-crosscutting","gds","gds/workflows/3-technical/gds-game-architecture/steps/step-05-crosscutting.md","d67d8ef57252f98414d7041424fa11a96fc6663728e643109b1b9fe33d7d2fea"
"md","step-05-domain","gds","gds/workflows/2-design/create-prd/steps-c/step-05-domain.md","e6300a36996157eeecd0573186d06777594dc99411499648790ca73180684d7b"
"md","step-05-epic-quality-review","gds","gds/workflows/3-technical/gds-check-implementation-readiness/steps/step-05-epic-quality-review.md","e8df458084637eb3b2e426835ab500af53deb642bcbe09f35c2b257d159ca9b3"
"md","step-05-implementation-research","gds","gds/workflows/1-preproduction/research/technical-steps/step-05-implementation-research.md","831f7d449189ca9a2f10ee134b50f1c28d3d013f48a4fc8cb962f60b5d013dc9"
"md","step-05-inspiration","gds","gds/workflows/2-design/gds-create-ux-design/steps/step-05-inspiration.md","83be000dc380249389fccaef8c0b32bf333b657dd177799df8219381ee56fcc3"
"md","step-05-present","gds","gds/workflows/gds-quick-flow/gds-quick-dev-new-preview/steps/step-05-present.md","925f1051b3cf93ca7fe78ec75c1a582ea7abc69005c646b4add834998d026b8d"
"md","step-05-scope","gds","gds/workflows/1-preproduction/gds-create-game-brief/steps/step-05-scope.md","0648b02ad2066656252c53e674303ef12f39116649493592f7b57ed852f6ba4a"
"md","step-05-technical-trends","gds","gds/workflows/1-preproduction/research/gds-domain-research/domain-steps/step-05-technical-trends.md","e7b184a75617338b9ae2834d1d3b16cbe33c49131bfd2486e731c20305005975"
"md","step-05-world","gds","gds/workflows/2-design/gds-create-narrative/steps/step-05-world.md","9c7e27f2eba0a904bc3596e264a9c73ff2595ea14f1e05e635b843091bffe4e6"
"md","step-06-design-system","gds","gds/workflows/2-design/gds-create-ux-design/steps/step-06-design-system.md","247f86d87a8b08beeee1e4e1ecaf1535ffa7b2fb36751145fc2001989fa33c1b"
"md","step-06-dialogue","gds","gds/workflows/2-design/gds-create-narrative/steps/step-06-dialogue.md","ce5312263e12cc1e3392412ca6f65b69c8152dc5ef6249012a00b80fa686abc6"
"md","step-06-final-assessment","gds","gds/workflows/3-technical/gds-check-implementation-readiness/steps/step-06-final-assessment.md","ea01383df91fc751a260d903db18891f611b0956097d01cd56921f3a01262966"
"md","step-06-innovation","gds","gds/workflows/2-design/create-prd/steps-c/step-06-innovation.md","1c64101146c0662bd0f15d938015ee09f1e92e77081eccb57a88681c1e6ab610"
"md","step-06-mechanics","gds","gds/workflows/2-design/gds-create-gdd/steps/step-06-mechanics.md","4a68112bbef5ddfe569d19320f6d305d8a3b342ccaa3b169625b7abfa3709b72"
"md","step-06-references","gds","gds/workflows/1-preproduction/gds-create-game-brief/steps/step-06-references.md","ad3bcb781e5dc9070d89cd93a4be72f68cc418d1821b525327ee03d8df1af41c"
"md","step-06-research-completion","gds","gds/workflows/1-preproduction/research/market-steps/step-06-research-completion.md","87cec5d054bdd13b6a61498b99ba958f5f4a58e30810629780d78932da549f23"
"md","step-06-research-synthesis","gds","gds/workflows/1-preproduction/research/gds-domain-research/domain-steps/step-06-research-synthesis.md","eec5a017fa74135323df67948e3d80563d497f6267d80e97e82fe93abeda48cf"
"md","step-06-research-synthesis","gds","gds/workflows/1-preproduction/research/technical-steps/step-06-research-synthesis.md","6a8d076da0d142acab6688aa5f0ae5f919200922cc4eb94818d9c1d66755c1ee"
"md","step-06-resolve-findings","gds","gds/workflows/gds-quick-flow/gds-quick-dev/steps/step-06-resolve-findings.md","d7371ffa3bfa1fa728f6e47e115d8af59605e4c9227c3d219207757738926143"
"md","step-06-structure","gds","gds/workflows/3-technical/gds-game-architecture/steps/step-06-structure.md","ddeb26e5037e08e10bc2270f19098a98d2a5b11e2b55d85de7412d097a50626e"
"md","step-07-content","gds","gds/workflows/1-preproduction/gds-create-game-brief/steps/step-07-content.md","9d4953aa0fd773c0db77ce18035c269174b6b47c16ef3d1bb435058495c9aae2"
"md","step-07-defining-experience","gds","gds/workflows/2-design/gds-create-ux-design/steps/step-07-defining-experience.md","e6414863908096d094a9cf61283fd9fc9defe23e93d9d8b14b3920d2019ba04c"
"md","step-07-environmental","gds","gds/workflows/2-design/gds-create-narrative/steps/step-07-environmental.md","7149ce119c7bacff68b345a8a9bc4545e143260fcb69579e52d3bcdfd75fa698"
"md","step-07-game-type","gds","gds/workflows/2-design/gds-create-gdd/steps/step-07-game-type.md","706c328ef4ffd211338b08870f0fbbd597c51f57e7ae3240c9e4d6f899f051c3"
"md","step-07-patterns","gds","gds/workflows/3-technical/gds-game-architecture/steps/step-07-patterns.md","9adc76edf484cc907c909e8d98fca46d324af43a81fbc5b4711169ec73de8071"
"md","step-07-project-type","gds","gds/workflows/2-design/create-prd/steps-c/step-07-project-type.md","71c142046466f5888849fa96b5f93b290d057f93851b790a1af58ba97d9c0807"
"md","step-08-complete","gds","gds/workflows/1-preproduction/gds-create-game-brief/steps/step-08-complete.md","869f524df6ab48f1e46feb8df679c269b0d1a28b73a4ddd73f989054867d28e9"
"md","step-08-delivery","gds","gds/workflows/2-design/gds-create-narrative/steps/step-08-delivery.md","19e0914f91ffc42f877a864f2c3f450c1025e23ec3640db2bf321938dfee9166"
"md","step-08-progression","gds","gds/workflows/2-design/gds-create-gdd/steps/step-08-progression.md","29bbc19605939ce997819128fa8b125227480ce191fe76259b12a9e134324bf1"
"md","step-08-scoping","gds","gds/workflows/2-design/create-prd/steps-c/step-08-scoping.md","c3f73fa734a21f5d0888cac1bd08fc17c32b83f01663621a08c3b9e65bc255f3"
"md","step-08-validation","gds","gds/workflows/3-technical/gds-game-architecture/steps/step-08-validation.md","599ab173f1fa11844364f135c6338f5739ca840b588134cc9dbf1e76bebb12c6"
"md","step-08-visual-foundation","gds","gds/workflows/2-design/gds-create-ux-design/steps/step-08-visual-foundation.md","56f0c4939c9fcbea5b5dfb37b99589885ccc3ac6130a475bcf0b8e393d03859e"
"md","step-09-complete","gds","gds/workflows/3-technical/gds-game-architecture/steps/step-09-complete.md","6dad1dfb990241c2c628e0d46d5df49e9fb26be5ed3037d076ab8d057ceff179"
"md","step-09-design-directions","gds","gds/workflows/2-design/gds-create-ux-design/steps/step-09-design-directions.md","545e06b70068c3809548fbdef3c0fa98b332aa7904fff64767b63853ac6126e9"
"md","step-09-functional","gds","gds/workflows/2-design/create-prd/steps-c/step-09-functional.md","dcbd36492ef0ac08fcee5b21610baa28e3a8a9c9eb9a85f92b409e641a4b4cc3"
"md","step-09-integration","gds","gds/workflows/2-design/gds-create-narrative/steps/step-09-integration.md","6fd52a4d818db5d2e36b38a18f246fef7572c39ced205167a27594dfa1252e52"
"md","step-09-levels","gds","gds/workflows/2-design/gds-create-gdd/steps/step-09-levels.md","5c486255d20622b3348b09c759b3c6f3f4b7dc5731a174820e86d4d35b1d9fea"
"md","step-10-art-audio","gds","gds/workflows/2-design/gds-create-gdd/steps/step-10-art-audio.md","21605570a8445b70902338eaf83ddd4b284417a0b48e39bba915a0a2416518ea"
"md","step-10-nonfunctional","gds","gds/workflows/2-design/create-prd/steps-c/step-10-nonfunctional.md","8ac1de3fe18f44260dbc542661b584ea2fbec55ab239a6762e6ee078ceca7e64"
"md","step-10-production","gds","gds/workflows/2-design/gds-create-narrative/steps/step-10-production.md","35028f7d5feeed7f82e97e1858e72564c5fdd95b6095ebaee54d775f7091e13c"
"md","step-10-user-journeys","gds","gds/workflows/2-design/gds-create-ux-design/steps/step-10-user-journeys.md","c670569149046c976d96827dcacbfcbc1f6a13d570dee8a3409ac68c69948971"
"md","step-11-complete","gds","gds/workflows/2-design/gds-create-narrative/steps/step-11-complete.md","fdd255e7cf92917d4c7a9ba8e8b1b9e86fb2974527b892072655fc665fbfc4aa"
"md","step-11-component-strategy","gds","gds/workflows/2-design/gds-create-ux-design/steps/step-11-component-strategy.md","c9f52f40ff758c337ae2056bfc61279fae8da4e7260b29916be1806534d32484"
"md","step-11-polish","gds","gds/workflows/2-design/create-prd/steps-c/step-11-polish.md","80dc81a418ade3c746d9b6492adc90ac49020a76fe2afb20616a2aa608568f0d"
"md","step-11-technical","gds","gds/workflows/2-design/gds-create-gdd/steps/step-11-technical.md","04500ef55f956827085e3c599d35fcdcb66a3f6035ae731a4955d42a66d1b4e0"
"md","step-12-complete","gds","gds/workflows/2-design/create-prd/steps-c/step-12-complete.md","457c153b4a78b18ff1060ce42c66592024cfcb881eaf69211f26385e836d6b9b"
"md","step-12-epics","gds","gds/workflows/2-design/gds-create-gdd/steps/step-12-epics.md","dcede86104a43863e2d1755df887287a60c8f716cdc0ef3df55b7e1513c0e6f5"
"md","step-12-ux-patterns","gds","gds/workflows/2-design/gds-create-ux-design/steps/step-12-ux-patterns.md","1f4536ebb5683b2bf2023f04841dde47499f5db01c9f5afd80da7379417ea753"
"md","step-13-metrics","gds","gds/workflows/2-design/gds-create-gdd/steps/step-13-metrics.md","f54b26b1430d11e9d684a531c0845843499634e165c200907cb947874f830f95"
"md","step-13-responsive-accessibility","gds","gds/workflows/2-design/gds-create-ux-design/steps/step-13-responsive-accessibility.md","ac0318e7f03940450660d0d2f4c8fe09a671f94e1cc1addec6ee1d7e2778f15f"
"md","step-14-complete","gds","gds/workflows/2-design/gds-create-gdd/steps/step-14-complete.md","b8ffc92f51879d2b2251a6c2d2dd171507324b731b1142ae76a1efa56393bd16"
"md","step-14-complete","gds","gds/workflows/2-design/gds-create-ux-design/steps/step-14-complete.md","d3a52d397ad173527221efcac5ea81eb2800d77d78c908a4136bfaa3ebaad252"
"md","step-e-01-discovery","gds","gds/workflows/2-design/create-prd/steps-e/step-e-01-discovery.md","ebfd9f9b44110b96c0576c8785737d412ad52b024693ff310aef47dc03adcd21"
"md","step-e-01b-legacy-conversion","gds","gds/workflows/2-design/create-prd/steps-e/step-e-01b-legacy-conversion.md","570b33681a05e9ceca12836fc103147f4af02b9b0112ce0273e13423643f01c2"
"md","step-e-02-review","gds","gds/workflows/2-design/create-prd/steps-e/step-e-02-review.md","162dbcda0441401c084a08a67df82d2840d3daffdc92f299f667bdd4bb956275"
"md","step-e-03-edit","gds","gds/workflows/2-design/create-prd/steps-e/step-e-03-edit.md","0d1c32f304b2cb199ec86d0b3a6a947c32f1ccdecf71077ecc1b2a747853ad43"
"md","step-e-04-complete","gds","gds/workflows/2-design/create-prd/steps-e/step-e-04-complete.md","b20fb364ffb23e6e6514c56b1cb21c739e0219d9885b8bcae5fded315b1d00c2"
"md","step-v-01-discovery","gds","gds/workflows/2-design/create-prd/steps-v/step-v-01-discovery.md","7c7924c82bca40f6e00170244bf59829f1bf299b294fbaf6f78128dfb012c31d"
"md","step-v-02-format-detection","gds","gds/workflows/2-design/create-prd/steps-v/step-v-02-format-detection.md","a1ad3032654c759c0111801a533bf68a8b841b5b2efd32947217c4286e1029f7"
"md","step-v-02b-parity-check","gds","gds/workflows/2-design/create-prd/steps-v/step-v-02b-parity-check.md","9285dab13b9b10901ac3e89c19fba59af5b97c360c387ff526144bec824ee693"
"md","step-v-03-density-validation","gds","gds/workflows/2-design/create-prd/steps-v/step-v-03-density-validation.md","2671fa76bb53ec523944d1dc706d804ca353e9422f29609a9b423d2b2a7a114c"
"md","step-v-04-brief-coverage-validation","gds","gds/workflows/2-design/create-prd/steps-v/step-v-04-brief-coverage-validation.md","d0fd2b63610a7ae7c6a8f1aca716d8d208f908599583e389a03fab643d4803c9"
"md","step-v-05-measurability-validation","gds","gds/workflows/2-design/create-prd/steps-v/step-v-05-measurability-validation.md","2d32a4cc033a9a977543e268db617eca82488eae13ef754dd4bcac7105e8533a"
"md","step-v-06-traceability-validation","gds","gds/workflows/2-design/create-prd/steps-v/step-v-06-traceability-validation.md","cec17c3a8dba4d9f170ea3150254d95f17658f4ae8c7d6ee68cd63ebcafbfaba"
"md","step-v-07-implementation-leakage-validation","gds","gds/workflows/2-design/create-prd/steps-v/step-v-07-implementation-leakage-validation.md","54ececda83a674e1e609168b56b8083cb596a256cae220197b0e46c287c61248"
"md","step-v-08-domain-compliance-validation","gds","gds/workflows/2-design/create-prd/steps-v/step-v-08-domain-compliance-validation.md","7f21ad977150d9280b2a7ede37b76305bd42d48ee00176d146b522deeb02494e"
"md","step-v-09-project-type-validation","gds","gds/workflows/2-design/create-prd/steps-v/step-v-09-project-type-validation.md","a8769227f61fc2512bcfb89122a561943dcbb51c5c8d703e8112b1ff5dc7da08"
"md","step-v-10-smart-validation","gds","gds/workflows/2-design/create-prd/steps-v/step-v-10-smart-validation.md","3f517e15b8eee35904e0288a800c00c6c306287b31ac41d2c5fb1c4f24d2cd92"
"md","step-v-11-holistic-quality-validation","gds","gds/workflows/2-design/create-prd/steps-v/step-v-11-holistic-quality-validation.md","7e9bdfbb581a1c0382302f1eaf4a039f8c7aff10ecadb41cb2dc8307e29ec032"
"md","step-v-12-completeness-validation","gds","gds/workflows/2-design/create-prd/steps-v/step-v-12-completeness-validation.md","612ae0afb762034b8b479c70458d4848bffc72ccad3a7a2a87a563fd059cf7aa"
"md","step-v-13-report-complete","gds","gds/workflows/2-design/create-prd/steps-v/step-v-13-report-complete.md","5d758fb68ba847d608826d00bd31835c312481a210df11b27af72c152aa4c135"
"md","strategy","gds","gds/workflows/2-design/gds-create-gdd/game-types/strategy.md","3b453b6e3a70d65ec2428bf53195edcb5c3f194341110f4034d55c9707fac65d"
"md","survival","gds","gds/workflows/2-design/gds-create-gdd/game-types/survival.md","524f50b6929bab7b10dbcc2437002cb79139188594e6d17ceb7abecd76e8b295"
"md","tech-spec-template","gds","gds/workflows/gds-quick-flow/gds-quick-dev-new-preview/tech-spec-template.md","9c41e1ad4c07627a0978ab2d5b87a53357e3e2a1222b01a57a640cbacd010a09"
"md","tech-spec-template","gds","gds/workflows/gds-quick-flow/gds-quick-spec/tech-spec-template.md","7186c7c1a8a327b3e9598f2711666540736569f46fd0ba5751f0f2c03e5e9a01"
"md","template","gds","gds/workflows/4-production/gds-create-story/template.md","31c35d74f9c84250b0b3574ca02c3041b243342e365e1c190a2d27b9971e9aab"
"md","test-design-template","gds","gds/workflows/gametest/gds-test-design/test-design-template.md","cdc62ad21c1970ff99594fd8f965ca208013e5f2fe1947f08ef169d9830c6336"
"md","test-priorities","gds","gds/gametest/knowledge/test-priorities.md","ab91b9b455586553ea5bf9f991db3a88613bf6e57ca230cc9a4f713364f9799b"
"md","test-review-template","gds","gds/workflows/gametest/gds-test-review/test-review-template.md","99166ae52604775b0f51f5a7b569fcf658803bdb57a210807bee7c10173816c5"
"md","text-based","gds","gds/workflows/2-design/gds-create-gdd/game-types/text-based.md","96c1d8cd99377cbebb873c5d660534f7fbfb848f503511eb24a25fe1e25ab4bf"
"md","tower-defense","gds","gds/workflows/2-design/gds-create-gdd/game-types/tower-defense.md","c53a3bcb028d93bede1926d4c4b32a84321fe0ab5238974fe855e86631030b70"
"md","turn-based-tactics","gds","gds/workflows/2-design/gds-create-gdd/game-types/turn-based-tactics.md","5438cbf5fc800facfe724651821ba851231ccb1e26cd83ab658ead9a012c695d"
"md","unity-engine","gds","gds/workflows/3-technical/gds-game-architecture/knowledge/unity-engine.md","691e75872ce221c8ae92814065d35720ae260adcd71e5bb107686ad086bdde99"
"md","unity-testing","gds","gds/gametest/knowledge/unity-testing.md","7e196ea43cf8b35b4b290269ec24bf49f1fdf57c81987e7a9f0aeb2a48d94b11"
"md","unreal-engine","gds","gds/workflows/3-technical/gds-game-architecture/knowledge/unreal-engine.md","04027d82f7add176d072d34e23f2d498a256c2a0a2ca4f8927b195edfac07205"
"md","unreal-testing","gds","gds/gametest/knowledge/unreal-testing.md","d3d656434f9fddee65e8b0a4826067176663be2373fdcb240f5c37dcd8e11c05"
"md","update-standards","gds","gds/agents/gds-agent-tech-writer/update-standards.md","6a8347dca807b77463d9d5789710d2915624d90ffe1871a046fd0260b93342e5"
"md","ux-design-template","gds","gds/workflows/2-design/gds-create-ux-design/ux-design-template.md","e3243405e033ac20fc1f39f2ec39f60629a00599b7638b5b17be8ce1cb65974c"
"md","validate-doc","gds","gds/agents/gds-agent-tech-writer/validate-doc.md","2760f64d721e07df5ae733f7775da23a1e9f6042747d498a077b80ada96ab8e4"
"md","visual-novel","gds","gds/workflows/2-design/gds-create-gdd/game-types/visual-novel.md","c069fdf5a0bc18a129cf4ce1362e1b67b627943a0e40bdf46730e92202ea797a"
"md","workflow","gds","gds/workflows/1-preproduction/gds-brainstorm-game/workflow.md","fabd8abee56e2190b71e11160bad17f9c9f4c78bf2997a72047b504377cb71b5"
"md","workflow","gds","gds/workflows/1-preproduction/gds-create-game-brief/workflow.md","2d2f43fc258357b8ae40ab48cbe34c989fbcdb78b6b436d1501088d6e64a013a"
"md","workflow","gds","gds/workflows/1-preproduction/research/gds-domain-research/workflow.md","50935558d159301b68c48aeb44d5d248c98d6746301417c90bf26c4b90c51b83"
"md","workflow","gds","gds/workflows/2-design/gds-create-gdd/workflow.md","b426bd855d022b1a8062ce91a7aad6b96ccb41ad73e5095c53d2ab27695e6ae0"
"md","workflow","gds","gds/workflows/2-design/gds-create-narrative/workflow.md","237373fed5e1f3d418656eb4613acb1c94334aefddac525a9f240e7367f0b03e"
"md","workflow","gds","gds/workflows/2-design/gds-create-ux-design/workflow.md","dfb503934604798a284893cde044b003807b45cf775aaa4887d5c1b3aba49b31"
"md","workflow","gds","gds/workflows/3-technical/gds-check-implementation-readiness/workflow.md","9b33fa2c882fd29bff217a37b905b51855d6956f682cd7657e13620bbcf421f3"
"md","workflow","gds","gds/workflows/3-technical/gds-create-epics-and-stories/workflow.md","f6099af14d6a28707bba7c3b1ed3bacadd67bc77c048d2eb579a06b9b213fef9"
"md","workflow","gds","gds/workflows/3-technical/gds-game-architecture/workflow.md","61a657f298ed2e41ec484cdf84e6a46fe7edd9a4282621fedb975a02b8e1161a"
"md","workflow","gds","gds/workflows/3-technical/gds-generate-project-context/workflow.md","189d0c39a42fedebb492d209623bf801b9abce04e9066a35d58b0b87f5002de9"
"md","workflow","gds","gds/workflows/4-production/gds-code-review/workflow.md","59b82faedd9d300fa7082180aa17846129204c8cfd4a8f44343dc8bea99fa773"
"md","workflow","gds","gds/workflows/4-production/gds-correct-course/workflow.md","39f4e0f7e98165a87f982e0f2c7a9cd56416acc45a1208adc12e15b71587c17d"
"md","workflow","gds","gds/workflows/4-production/gds-create-story/workflow.md","fa0d85a39051902c5395e38b4c1005f27891ae93a23bac114cc1315b5889a1e4"
"md","workflow","gds","gds/workflows/4-production/gds-dev-story/workflow.md","5f56f327302ae71b0662fa285214989ac74420f3d39e54c6bc0d85e0bc76bb19"
"md","workflow","gds","gds/workflows/4-production/gds-retrospective/workflow.md","746be0f23947907e6e94b947a5415c21ffed85b33ed2574aa6a0ee26cb1c7633"
"md","workflow","gds","gds/workflows/4-production/gds-sprint-planning/workflow.md","cbf6117877ad1ca4b38e7d588fb1ccd4edff3974462824e64f0c59b0e537f0a6"
"md","workflow","gds","gds/workflows/4-production/gds-sprint-status/workflow.md","b99cbebf7aedfd49d3f1d29c8313e26200a142b11e2cdc0ca1a63ea015b63f0d"
"md","workflow","gds","gds/workflows/gametest/gds-e2e-scaffold/workflow.md","473cdc75ce242d6d374a9f40ebb260bf4bf5638e21a7e09fc68cc5c5b74aa562"
"md","workflow","gds","gds/workflows/gametest/gds-performance-test/workflow.md","7514301411ffc301e82dc4d4f39e61c5fdad144cbb6712f20f7f6eef8391097d"
"md","workflow","gds","gds/workflows/gametest/gds-playtest-plan/workflow.md","1b9e18b2beafc72198084a79c41abe752b42fdbc094ef6999845c836f88d8cff"
"md","workflow","gds","gds/workflows/gametest/gds-test-automate/workflow.md","553c3bc240c5e35079991f5abb4cdb93e0894d927bedfbb093051e63d9c881a6"
"md","workflow","gds","gds/workflows/gametest/gds-test-design/workflow.md","b211c0afbd429d25a012148da390b3f6933f3316f752edbb8d61c07ed7e9c5bc"
"md","workflow","gds","gds/workflows/gametest/gds-test-framework/workflow.md","865cd7455dd1ec7801ce7805975d009fe6ca3206f05f0bc9847827bcebbced3e"
"md","workflow","gds","gds/workflows/gametest/gds-test-review/workflow.md","e896e49997d068ad2c974e5c240cffa7426fca0f6a6de66845b576c4ba4ab876"
"md","workflow","gds","gds/workflows/gds-document-project/workflow.md","48cdd86fa27e4ca7b186d8ca33a1be1da0a868c23b2fcce8a4f486120c6b6468"
"md","workflow","gds","gds/workflows/gds-quick-flow/gds-quick-dev/workflow.md","ca21bacdf9cc84d260ed43533ddb9b9f6a233e5fc36ea3e012ca05d2236785d1"
"md","workflow","gds","gds/workflows/gds-quick-flow/gds-quick-dev-new-preview/workflow.md","084eef90e0e81dc6bfed5091f48ff2523046f93068effb94d48aa831b2b13225"
"md","workflow","gds","gds/workflows/gds-quick-flow/gds-quick-spec/workflow.md","1bba0a1d8a31e50792809755d2ff723428cbe6afd3cc3b7c73d492b4f764cfe1"
"md","workflow-create-prd","gds","gds/workflows/2-design/create-prd/workflow-create-prd.md","dc2ba14e17e3ccc11c3aa0c59bd9afe945f8b9b8d603add35f1e8da9b785c178"
"md","workflow-edit-prd","gds","gds/workflows/2-design/create-prd/workflow-edit-prd.md","fb63626862bafd4f69df3eb29e3dd7e4b4634fafa1946f6935db066ebfcf8584"
"md","workflow-market-research","gds","gds/workflows/1-preproduction/research/workflow-market-research.md","1e475ae576c38065cc268f03476a39bf380dbbca6c1cc5540533594d8bc35cd7"
"md","workflow-technical-research","gds","gds/workflows/1-preproduction/research/workflow-technical-research.md","007008c22974faaebda08876049d90d0cab968f2905c1f317bed7d7e226734bb"
"md","workflow-validate-prd","gds","gds/workflows/2-design/create-prd/workflow-validate-prd.md","c6f4a206dac5455b9efcba8cd254835bf9e7ba8d1d3df25b2bb8532ec70fedfd"
"md","write-document","gds","gds/agents/gds-agent-tech-writer/write-document.md","4a35fd0466f842f55331707eb2b9656c09623e7c84a4f64f2a13771aa18b88f1"
"yaml","architecture-patterns","gds","gds/workflows/3-technical/gds-game-architecture/architecture-patterns.yaml","ed3f948cb7ddd4b928bf6aa26d84695ade787f1979396f6230ea2c4cd9408ad3"
"yaml","bmad-skill-manifest","gds","gds/agents/gds-agent-game-architect/bmad-skill-manifest.yaml","6d41aebf7a26047fefbc12dba5468c7b8df9a99fe31a38224153a69e89f07a34"
"yaml","bmad-skill-manifest","gds","gds/agents/gds-agent-game-designer/bmad-skill-manifest.yaml","2d47adea8e3222764a7f4c64335a2fb73fa8ead39fbe7501bc290693d01b2989"
"yaml","bmad-skill-manifest","gds","gds/agents/gds-agent-game-dev/bmad-skill-manifest.yaml","a00a023eb51b7a0e085a3d07e9d6394f167378ff4e61f8c9962fe3e794a7f7f7"
"yaml","bmad-skill-manifest","gds","gds/agents/gds-agent-game-qa/bmad-skill-manifest.yaml","a4df60f13bd59e0b692b68ce0afa7cbd4231e56fb2d2938ffa245384e4ffc4fe"
"yaml","bmad-skill-manifest","gds","gds/agents/gds-agent-game-scrum-master/bmad-skill-manifest.yaml","e3fef45b70ad82169a975e59d8d9c21827e959c7ab2107ca11b40870e1e54b1a"
"yaml","bmad-skill-manifest","gds","gds/agents/gds-agent-game-solo-dev/bmad-skill-manifest.yaml","4b74dd1e1bc690575221735ab4e13037bff501d411310cacf53511e2e8fb18a9"
"yaml","bmad-skill-manifest","gds","gds/agents/gds-agent-tech-writer/bmad-skill-manifest.yaml","2ba04ff6950f5abbc772da1bed54ac7d6d9860697f277951f99b4fe099c1b88d"
"yaml","bmad-skill-manifest","gds","gds/workflows/1-preproduction/gds-brainstorm-game/bmad-skill-manifest.yaml","fba78c307309490c064510a2d87d29e608120d600a705fd1d6b110adbdb68e63"
"yaml","bmad-skill-manifest","gds","gds/workflows/1-preproduction/gds-create-game-brief/bmad-skill-manifest.yaml","fba78c307309490c064510a2d87d29e608120d600a705fd1d6b110adbdb68e63"
"yaml","bmad-skill-manifest","gds","gds/workflows/1-preproduction/research/bmad-skill-manifest.yaml","f4a69a34f8589ec87639b7ba082e0d9007ef4dd993de4a04f681667039020694"
"yaml","bmad-skill-manifest","gds","gds/workflows/1-preproduction/research/gds-domain-research/bmad-skill-manifest.yaml","fba78c307309490c064510a2d87d29e608120d600a705fd1d6b110adbdb68e63"
"yaml","bmad-skill-manifest","gds","gds/workflows/2-design/create-prd/bmad-skill-manifest.yaml","200660e2f30e654640f26c29a325875e77e90850b0ec1c7a618055e23a7a474a"
"yaml","bmad-skill-manifest","gds","gds/workflows/2-design/gds-create-gdd/bmad-skill-manifest.yaml","fba78c307309490c064510a2d87d29e608120d600a705fd1d6b110adbdb68e63"
"yaml","bmad-skill-manifest","gds","gds/workflows/2-design/gds-create-narrative/bmad-skill-manifest.yaml","fba78c307309490c064510a2d87d29e608120d600a705fd1d6b110adbdb68e63"
"yaml","bmad-skill-manifest","gds","gds/workflows/2-design/gds-create-ux-design/bmad-skill-manifest.yaml","fba78c307309490c064510a2d87d29e608120d600a705fd1d6b110adbdb68e63"
"yaml","bmad-skill-manifest","gds","gds/workflows/3-technical/gds-check-implementation-readiness/bmad-skill-manifest.yaml","fba78c307309490c064510a2d87d29e608120d600a705fd1d6b110adbdb68e63"
"yaml","bmad-skill-manifest","gds","gds/workflows/3-technical/gds-create-epics-and-stories/bmad-skill-manifest.yaml","fba78c307309490c064510a2d87d29e608120d600a705fd1d6b110adbdb68e63"
"yaml","bmad-skill-manifest","gds","gds/workflows/3-technical/gds-game-architecture/bmad-skill-manifest.yaml","fba78c307309490c064510a2d87d29e608120d600a705fd1d6b110adbdb68e63"
"yaml","bmad-skill-manifest","gds","gds/workflows/3-technical/gds-generate-project-context/bmad-skill-manifest.yaml","fba78c307309490c064510a2d87d29e608120d600a705fd1d6b110adbdb68e63"
"yaml","bmad-skill-manifest","gds","gds/workflows/4-production/gds-code-review/bmad-skill-manifest.yaml","fba78c307309490c064510a2d87d29e608120d600a705fd1d6b110adbdb68e63"
"yaml","bmad-skill-manifest","gds","gds/workflows/4-production/gds-correct-course/bmad-skill-manifest.yaml","fba78c307309490c064510a2d87d29e608120d600a705fd1d6b110adbdb68e63"
"yaml","bmad-skill-manifest","gds","gds/workflows/4-production/gds-create-story/bmad-skill-manifest.yaml","fba78c307309490c064510a2d87d29e608120d600a705fd1d6b110adbdb68e63"
"yaml","bmad-skill-manifest","gds","gds/workflows/4-production/gds-dev-story/bmad-skill-manifest.yaml","fba78c307309490c064510a2d87d29e608120d600a705fd1d6b110adbdb68e63"
"yaml","bmad-skill-manifest","gds","gds/workflows/4-production/gds-retrospective/bmad-skill-manifest.yaml","fba78c307309490c064510a2d87d29e608120d600a705fd1d6b110adbdb68e63"
"yaml","bmad-skill-manifest","gds","gds/workflows/4-production/gds-sprint-planning/bmad-skill-manifest.yaml","fba78c307309490c064510a2d87d29e608120d600a705fd1d6b110adbdb68e63"
"yaml","bmad-skill-manifest","gds","gds/workflows/4-production/gds-sprint-status/bmad-skill-manifest.yaml","fba78c307309490c064510a2d87d29e608120d600a705fd1d6b110adbdb68e63"
"yaml","bmad-skill-manifest","gds","gds/workflows/gametest/gds-e2e-scaffold/bmad-skill-manifest.yaml","fba78c307309490c064510a2d87d29e608120d600a705fd1d6b110adbdb68e63"
"yaml","bmad-skill-manifest","gds","gds/workflows/gametest/gds-performance-test/bmad-skill-manifest.yaml","fba78c307309490c064510a2d87d29e608120d600a705fd1d6b110adbdb68e63"
"yaml","bmad-skill-manifest","gds","gds/workflows/gametest/gds-playtest-plan/bmad-skill-manifest.yaml","fba78c307309490c064510a2d87d29e608120d600a705fd1d6b110adbdb68e63"
"yaml","bmad-skill-manifest","gds","gds/workflows/gametest/gds-test-automate/bmad-skill-manifest.yaml","fba78c307309490c064510a2d87d29e608120d600a705fd1d6b110adbdb68e63"
"yaml","bmad-skill-manifest","gds","gds/workflows/gametest/gds-test-design/bmad-skill-manifest.yaml","fba78c307309490c064510a2d87d29e608120d600a705fd1d6b110adbdb68e63"
"yaml","bmad-skill-manifest","gds","gds/workflows/gametest/gds-test-framework/bmad-skill-manifest.yaml","fba78c307309490c064510a2d87d29e608120d600a705fd1d6b110adbdb68e63"
"yaml","bmad-skill-manifest","gds","gds/workflows/gametest/gds-test-review/bmad-skill-manifest.yaml","fba78c307309490c064510a2d87d29e608120d600a705fd1d6b110adbdb68e63"
"yaml","bmad-skill-manifest","gds","gds/workflows/gds-document-project/bmad-skill-manifest.yaml","fba78c307309490c064510a2d87d29e608120d600a705fd1d6b110adbdb68e63"
"yaml","bmad-skill-manifest","gds","gds/workflows/gds-quick-flow/gds-quick-dev/bmad-skill-manifest.yaml","fba78c307309490c064510a2d87d29e608120d600a705fd1d6b110adbdb68e63"
"yaml","bmad-skill-manifest","gds","gds/workflows/gds-quick-flow/gds-quick-dev-new-preview/bmad-skill-manifest.yaml","fba78c307309490c064510a2d87d29e608120d600a705fd1d6b110adbdb68e63"
"yaml","bmad-skill-manifest","gds","gds/workflows/gds-quick-flow/gds-quick-spec/bmad-skill-manifest.yaml","fba78c307309490c064510a2d87d29e608120d600a705fd1d6b110adbdb68e63"
"yaml","config","gds","gds/config.yaml","b7e8af15cc1c867caebc0f8aa07b6d3027c60eff35f07c87a6a36ba35808365b"
"yaml","decision-catalog","gds","gds/workflows/3-technical/gds-game-architecture/decision-catalog.yaml","ea7d7c5b13c8ce04e2e8dde7ef4273169627d66fcc3c74463e930e15cee7d6ae"
"yaml","engine-mcps","gds","gds/workflows/3-technical/gds-game-architecture/engine-mcps.yaml","432213f4a4ce2b9b9946fda108bd145abdc95f1ae2e7a8a8f03103f934015557"
"yaml","sprint-status-template","gds","gds/workflows/4-production/gds-sprint-planning/sprint-status-template.yaml","7bad0cc622ecbd33346d76f625333ff7c4d8aa21d48ce27075050f79a1a58065"
"yaml","config","scripts","scripts/config.yaml","ddc2fefdf07e9cd3f849c1a72f1e62a250e190890b911131b3d415e4935cd5b5"
"csv","module-help","tea","tea/module-help.csv","8c25a2ed973d0e3ac2d3485fe21527271864eed46c74417389063bead8ea59cc"
"csv","tea-index","tea","tea/testarch/tea-index.csv","97ab0b459d89fa419f7d58f5428b5585db82c3dbae4dfbe54c852fc14c999d32"
"groovy","jenkins-pipeline-template","tea","tea/workflows/testarch/bmad-testarch-ci/jenkins-pipeline-template.groovy","ae865401625d2d20b9396d41e333f39bc167967e1949761301e551131c4c7958"
"md","adr-quality-readiness-checklist","tea","tea/testarch/knowledge/adr-quality-readiness-checklist.md","34bf3460bd3218ce00efc148137f2dc67dfac2d69215c362978ca688e2fe4420"
"md","api-request","tea","tea/testarch/knowledge/api-request.md","ec62463549c406685beec789c6e363a88bcf4b082eb1ea79a071d57d5bd32a9c"
"md","api-testing-patterns","tea","tea/testarch/knowledge/api-testing-patterns.md","b9f90153a17cd5a1545a8693aff5088dd3c0261baf9a710f342cf3e62b60913c"
"md","atdd-checklist-template","tea","tea/workflows/testarch/bmad-testarch-atdd/atdd-checklist-template.md","e10b32ae4eba5c50754306bdbf49b822a279b9385c47b5e0e00f86241a655415"
"md","auth-session","tea","tea/testarch/knowledge/auth-session.md","52c284351bff80dfd76823164065e11a8e64ebe9852d56aff9f5cc6c5daf91a8"
"md","burn-in","tea","tea/testarch/knowledge/burn-in.md","e2d9e0f3a1072f24f07d0dc555af1e2e7c632257acf9bc9f957aba33e70483ec"
"md","certificate-template","tea","tea/workflows/testarch/bmad-teach-me-testing/templates/certificate-template.md","402b87fe37cf60b79fb814ef95aba249fed1ee54fdc1f14b48cdcbacfb748b43"
"md","checklist","tea","tea/workflows/testarch/bmad-teach-me-testing/checklist.md","1307c206819ba4be6fea4d020a71e1288e8f65cbd7c12ea3e8295c09562a0502"
"md","checklist","tea","tea/workflows/testarch/bmad-testarch-atdd/checklist.md","a33a144d331e642a1d514a9485bc820832b7e2e913ec0de8a72e5afa88bcde5b"
"md","checklist","tea","tea/workflows/testarch/bmad-testarch-automate/checklist.md","8fd2732067a62ab138d70f2c922c215199cf0db4e6c74c40acb1fa2b0880982a"
"md","checklist","tea","tea/workflows/testarch/bmad-testarch-ci/checklist.md","e0b04864e46012e7ffc5908cd95a929bbd1d4a3b63b6aef34b086af7a4bc7b1e"
"md","checklist","tea","tea/workflows/testarch/bmad-testarch-framework/checklist.md","8b58394515e85df49bd14601cf7fe3702a52fafb427dbdce0f8d130d640b3e25"
"md","checklist","tea","tea/workflows/testarch/bmad-testarch-nfr/checklist.md","e37368b559bcafcac645d150f3202dd8ac2f067c8186ef6f51bc3a5716187642"
"md","checklist","tea","tea/workflows/testarch/bmad-testarch-test-design/checklist.md","634e48394ca367e2438d1fc72acf2bda941ce6a581335b6d02c270948e58f193"
"md","checklist","tea","tea/workflows/testarch/bmad-testarch-test-review/checklist.md","7b5abe644e04659a1f77a1294d899e532b21a702da049e08b8f4a2c23fb8cf41"
"md","checklist","tea","tea/workflows/testarch/bmad-testarch-trace/checklist.md","a47a41d251c1c69531389954c35586e95d128c152c4527abc1b0e7c4a46c2ffc"
"md","ci-burn-in","tea","tea/testarch/knowledge/ci-burn-in.md","4b16166d59e74d29a6a9f5a17f84245505d7d9ce47b17138c7a44d885b7eaa5c"
"md","component-tdd","tea","tea/testarch/knowledge/component-tdd.md","1acb4c48b2f924f60ed6784955597c17120466d5dc24d2e43e4b0a1bd0e61aae"
"md","contract-testing","tea","tea/testarch/knowledge/contract-testing.md","55080c713b0ab57164d67538c216f92a833abc43925357030ea2d448d81ec2f1"
"md","data-factories","tea","tea/testarch/knowledge/data-factories.md","c98dab79a9064d45402dbe0a5c25a1d82b53557c56e3f142023bf907e2b98d53"
"md","email-auth","tea","tea/testarch/knowledge/email-auth.md","1265f30cdd7b85f164769abf4f6ea86b6abec3acd90653e646a9c9ee17176963"
"md","error-handling","tea","tea/testarch/knowledge/error-handling.md","9122f09fed1f52a679cb513d5d3c7c93c66e9021ee58e99fd66692e50db28be4"
"md","feature-flags","tea","tea/testarch/knowledge/feature-flags.md","37286f0ab1ce44e6d6708cea3118be628e79ca7afdda9cb3084c3d86e07f2f6d"
"md","file-utils","tea","tea/testarch/knowledge/file-utils.md","f348141dc7c2fd75712bdf0074ba292469dd54be20b786a893d21cd85a0f6f0e"
"md","fixture-architecture","tea","tea/testarch/knowledge/fixture-architecture.md","636a022ba08faad496c24fdbef2ddff9081a03b608fa6eadd4301e5ebbb1cd0c"
"md","fixtures-composition","tea","tea/testarch/knowledge/fixtures-composition.md","5031a64c2b00784b9a0dcb18eaf2beb7f9a8a0d7727acfd0e27430b316e696f1"
"md","instructions","tea","tea/workflows/testarch/bmad-teach-me-testing/instructions.md","2a5782a223f4b881b7a8f89f275dac5894324512238292b52d7c0a451a82e10b"
"md","instructions","tea","tea/workflows/testarch/bmad-testarch-atdd/instructions.md","06b40fa31b161afe91b34a28dd3aa569162996905d2d29e78e23644c576ddb01"
"md","instructions","tea","tea/workflows/testarch/bmad-testarch-automate/instructions.md","f7ffbd4cf5f49066c93449d2a823499430e590a31a9039c8c72196d533262e5e"
"md","instructions","tea","tea/workflows/testarch/bmad-testarch-ci/instructions.md","4cad492a4b6ba9096ee115dbd1ba2c1251820e7bf5aa70f6575f45969a5beaba"
"md","instructions","tea","tea/workflows/testarch/bmad-testarch-framework/instructions.md","d52e170fc79657495c191d076d937ad91d93fd51517c1c31dc84ca52fc69fe48"
"md","instructions","tea","tea/workflows/testarch/bmad-testarch-nfr/instructions.md","3f04f3a22a9c11a5dad9d39548ea37a8019945458e800e5c7a2fd8ac85f619f3"
"md","instructions","tea","tea/workflows/testarch/bmad-testarch-test-design/instructions.md","824af95fe5cfc729b5bc4b5e029baf2f207e5a6ab753c80d18c94611cf6f381d"
"md","instructions","tea","tea/workflows/testarch/bmad-testarch-test-review/instructions.md","6cbe1eda5ded309e0a4d571abc8bdec8b93d59f6d7f4b721ed722cf90e6654a8"
"md","instructions","tea","tea/workflows/testarch/bmad-testarch-trace/instructions.md","c69373a4c3b498b9cc6c1cdb7fa824c72fe52768a3cfc4c7e507215071e336e9"
"md","intercept-network-call","tea","tea/testarch/knowledge/intercept-network-call.md","47c84d6091054f576a190b01b985ed5914880cd6a9c728458a3812c67185f268"
"md","log","tea","tea/testarch/knowledge/log.md","76966ff3bd15e5afa47ab71decc1b7c0a65f7ea7751ac5a9196ba3c0e9e0e6cb"
"md","network-error-monitor","tea","tea/testarch/knowledge/network-error-monitor.md","4c517d05583bac0fb4b92413b4daee814c87de37ca41f39149864f688c25f67c"
"md","network-first","tea","tea/testarch/knowledge/network-first.md","257fe61ec77020d024f7ddf4f6c5c965f6c4632a469d942278c7337abc8621b7"
"md","network-recorder","tea","tea/testarch/knowledge/network-recorder.md","d0ae003638655c8f26a36bbccc06bf362302116979ea88c1c15e89753714c059"
"md","nfr-criteria","tea","tea/testarch/knowledge/nfr-criteria.md","5d5f9acfeb6a98f2ef7ee8707bbac3ab37d9c191c443c1e944dee70cf3f9963a"
"md","nfr-report-template","tea","tea/workflows/testarch/bmad-testarch-nfr/nfr-report-template.md","2ea61f39299a1c8a52e053721f57deb0bd054bd6e75c6e21fe9d2b5c5f4d21ec"
"md","overview","tea","tea/testarch/knowledge/overview.md","dfd5bd12b7dd4a347d01fc659745aafd192c0b2e5fd9ec6424f0035355a82aae"
"md","pact-consumer-di","tea","tea/testarch/knowledge/pact-consumer-di.md","0ee1edcedb2c145885dbc0bc7504187bfc1679ceedee84e0d650e7dbd32cf06d"
"md","pact-consumer-framework-setup","tea","tea/testarch/knowledge/pact-consumer-framework-setup.md","e3e5f12d21456e57c60c3ace467aea7fb3099cb02beacafd0548555ee9bca813"
"md","pact-mcp","tea","tea/testarch/knowledge/pact-mcp.md","83240abe8ae243f4c07b572c34295fc9a59a74ae8ace8fafc17462a327b8d2b4"
"md","pactjs-utils-consumer-helpers","tea","tea/testarch/knowledge/pactjs-utils-consumer-helpers.md","c8ad1d8ba2890c03741f6e24bec828278dedf22d0f2c3f46bde80da1a9489e26"
"md","pactjs-utils-overview","tea","tea/testarch/knowledge/pactjs-utils-overview.md","63ca7cd096c73cd59842ee5d67956077369bc3696530d954931612b561606a1c"
"md","pactjs-utils-provider-verifier","tea","tea/testarch/knowledge/pactjs-utils-provider-verifier.md","541e09c00db0212deb212320528c202e17586656a8d512eecfe1ab1ece9b661d"
"md","pactjs-utils-request-filter","tea","tea/testarch/knowledge/pactjs-utils-request-filter.md","1312867725f49fe8ff9a136a90dc82becdab345d724a568a7f50abba31ee8f7c"
"md","playwright-cli","tea","tea/testarch/knowledge/playwright-cli.md","63bab2ba4444ac43d5105273aafdfd6e114ac57f37c9e830fc6c09ff22bc843e"
"md","playwright-config","tea","tea/testarch/knowledge/playwright-config.md","cb0b56df946a69f275cfd686b4a9a612a0ecb4ec8a7ff8a5b64c15396928721d"
"md","probability-impact","tea","tea/testarch/knowledge/probability-impact.md","c582f4e681758b8c84ca2de003aa7133913326ac2c398b6c0e802914919b8333"
"md","README","tea","tea/workflows/testarch/README.md","8b0ba81a0cb23ecbfadd0f424f5292f90e12ab95daab921c273073001b39c194"
"md","recurse","tea","tea/testarch/knowledge/recurse.md","758e81e7d8feb48c707fba65dade45d9bb93afc06d35ec54469af2af62980960"
"md","risk-governance","tea","tea/testarch/knowledge/risk-governance.md","a290f259585eee2e0076bc6f14685acbbe6a6595b280a12bc6465797ec9e3592"
"md","selective-testing","tea","tea/testarch/knowledge/selective-testing.md","16846e37e52116f2c8fb7b928cd1a36ecd5de308a97e22b7b71bf6012720cc19"
"md","selector-resilience","tea","tea/testarch/knowledge/selector-resilience.md","27017332dd7d25c86ef39bbf8aec4ace89ee05bed56b6fdae639078c9e725d15"
"md","session-notes-template","tea","tea/workflows/testarch/bmad-teach-me-testing/templates/session-notes-template.md","e22954ab5200bd31dbe4f458746f854fe83a4bdbf848254da71650d6d94e4869"
"md","SKILL","tea","tea/agents/tea-agent-testarch/SKILL.md","c90a35687e7eb55241457e6afee3d1a1efcdc0b559889a9f17e01fac8e3a7402"
"md","SKILL","tea","tea/workflows/testarch/bmad-teach-me-testing/SKILL.md","7bca9f657ad9d88fa067dfffb737b3aec2c5f3d18614d6a162f141966aefeab8"
"md","SKILL","tea","tea/workflows/testarch/bmad-testarch-atdd/SKILL.md","f32cda9320d46230735b5edf1dd28d4a14682d633713b7d973142af4106c5941"
"md","SKILL","tea","tea/workflows/testarch/bmad-testarch-automate/SKILL.md","46a6def223d2c224cc2e482b3d02f6391a2587604c3ee29e7bebc100b87dcd48"
"md","SKILL","tea","tea/workflows/testarch/bmad-testarch-ci/SKILL.md","3bc148831b898e6cf32c9915090f71700322d3cf8dba2e5e29d8e046d283ace0"
"md","SKILL","tea","tea/workflows/testarch/bmad-testarch-framework/SKILL.md","39703d3398ecaa8d079205d78a3f080b452fad1af488e8af460e7ad3fce8d49f"
"md","SKILL","tea","tea/workflows/testarch/bmad-testarch-nfr/SKILL.md","5e8b56bdadf4c8414b69837b22a0d4e9d65f71038eb6e5dc37e26668b18f0177"
"md","SKILL","tea","tea/workflows/testarch/bmad-testarch-test-design/SKILL.md","232f14dd77f107e0da95bd93730a3a943443c4503269b99fdb33680c53e22f32"
"md","SKILL","tea","tea/workflows/testarch/bmad-testarch-test-review/SKILL.md","36c82ad53616688087e7c1fd302f041119a32c37121ecab761b8c5b62a9813ef"
"md","SKILL","tea","tea/workflows/testarch/bmad-testarch-trace/SKILL.md","1b6c2a5b47067a9cb835c9147031a6148165008a88a10cf9ba7a8b630a06a161"
"md","step-01-assess","tea","tea/workflows/testarch/bmad-testarch-atdd/steps-e/step-01-assess.md","0da7cee58c923708334665bdaf5b50b4f0c6f9276b44fd6864d604809ed8db08"
"md","step-01-assess","tea","tea/workflows/testarch/bmad-testarch-automate/steps-e/step-01-assess.md","0da7cee58c923708334665bdaf5b50b4f0c6f9276b44fd6864d604809ed8db08"
"md","step-01-assess","tea","tea/workflows/testarch/bmad-testarch-ci/steps-e/step-01-assess.md","0da7cee58c923708334665bdaf5b50b4f0c6f9276b44fd6864d604809ed8db08"
"md","step-01-assess","tea","tea/workflows/testarch/bmad-testarch-framework/steps-e/step-01-assess.md","0da7cee58c923708334665bdaf5b50b4f0c6f9276b44fd6864d604809ed8db08"
"md","step-01-assess","tea","tea/workflows/testarch/bmad-testarch-nfr/steps-e/step-01-assess.md","0da7cee58c923708334665bdaf5b50b4f0c6f9276b44fd6864d604809ed8db08"
"md","step-01-assess","tea","tea/workflows/testarch/bmad-testarch-test-design/steps-e/step-01-assess.md","0da7cee58c923708334665bdaf5b50b4f0c6f9276b44fd6864d604809ed8db08"
"md","step-01-assess","tea","tea/workflows/testarch/bmad-testarch-test-review/steps-e/step-01-assess.md","0da7cee58c923708334665bdaf5b50b4f0c6f9276b44fd6864d604809ed8db08"
"md","step-01-assess","tea","tea/workflows/testarch/bmad-testarch-trace/steps-e/step-01-assess.md","0da7cee58c923708334665bdaf5b50b4f0c6f9276b44fd6864d604809ed8db08"
"md","step-01-detect-mode","tea","tea/workflows/testarch/bmad-testarch-test-design/steps-c/step-01-detect-mode.md","9d3c4f94dd9765b930260a2a12b0c2f0d21913579b6389b4f713fab4e07d2c67"
"md","step-01-init","tea","tea/workflows/testarch/bmad-teach-me-testing/steps-c/step-01-init.md","2ab1093556d719fb69a573a9c5dc855ca252776a0f0513fba56c9a93bc790ab8"
"md","step-01-load-context","tea","tea/workflows/testarch/bmad-testarch-nfr/steps-c/step-01-load-context.md","468400ade8aafd74ad0b45bd9be0c29e3cea31750160ca6adc34f12c0d22630a"
"md","step-01-load-context","tea","tea/workflows/testarch/bmad-testarch-test-review/steps-c/step-01-load-context.md","d679190b390d20966942612199a020dfb3563df72c2fadceb8971b563918534c"
"md","step-01-load-context","tea","tea/workflows/testarch/bmad-testarch-trace/steps-c/step-01-load-context.md","bd620269796a591fb28060523ab072940e60184ed01dda5cab2910720f1a4a0b"
"md","step-01-preflight","tea","tea/workflows/testarch/bmad-testarch-ci/steps-c/step-01-preflight.md","d6fbec1390c6dd2fc49b4cb02eac04bbf9652e1d13741657fd4f4babb1eb1b4b"
"md","step-01-preflight","tea","tea/workflows/testarch/bmad-testarch-framework/steps-c/step-01-preflight.md","5c47a9122b34e7c3aefa625a90b016ad825cecd0185574cfb30ab6742c5f02b7"
"md","step-01-preflight-and-context","tea","tea/workflows/testarch/bmad-testarch-atdd/steps-c/step-01-preflight-and-context.md","2b2a621b7f18e0fa082397fe75cbc5225358398f66309a58cee7e014624f9b14"
"md","step-01-preflight-and-context","tea","tea/workflows/testarch/bmad-testarch-automate/steps-c/step-01-preflight-and-context.md","d401896a1f718650b69e198e47dc83a81ba9bad1a6d1fa462f830050f4403594"
"md","step-01-validate","tea","tea/workflows/testarch/bmad-testarch-atdd/steps-v/step-01-validate.md","fb607dc904d4444956825b07145cf84d553948b39649e8bcdec2d7021473f5ce"
"md","step-01-validate","tea","tea/workflows/testarch/bmad-testarch-automate/steps-v/step-01-validate.md","82e552d7d0b259ae02e4006e05531f0e0865852ece082e5db2bb4197f34bbea7"
"md","step-01-validate","tea","tea/workflows/testarch/bmad-testarch-ci/steps-v/step-01-validate.md","d6dd8df1531548ae4f79282e9131cee1c2e791abfb2c3f760997b5a9f1a7d1f9"
"md","step-01-validate","tea","tea/workflows/testarch/bmad-testarch-framework/steps-v/step-01-validate.md","cbe878bd1c78da42bfb6e3655c8b53db1919c8c58c0d5c0c2ee8ae6ebed2ba80"
"md","step-01-validate","tea","tea/workflows/testarch/bmad-testarch-nfr/steps-v/step-01-validate.md","403c66b27c0c754da67ee56f1ec626e2a777653c2f309a6bf4ac6fbe323a2fac"
"md","step-01-validate","tea","tea/workflows/testarch/bmad-testarch-test-design/steps-v/step-01-validate.md","dddd6dfde8240eccc74f05cefdf1189b3702ada7372968ba8e1a1675454b74df"
"md","step-01-validate","tea","tea/workflows/testarch/bmad-testarch-test-review/steps-v/step-01-validate.md","832c320ecc2bb2d7f1025ab155dc128593a4571051f15aaa23dbfbb57469d3bb"
"md","step-01-validate","tea","tea/workflows/testarch/bmad-testarch-trace/steps-v/step-01-validate.md","2b5da1036d9d2aedaf6b5476cd8d94aa22d86ff06a0fab06740aef908d86ed03"
"md","step-01b-continue","tea","tea/workflows/testarch/bmad-teach-me-testing/steps-c/step-01b-continue.md","cceaf696a390d43802a8155c50f65f47cb9885587199db910169beba41d31b45"
"md","step-01b-resume","tea","tea/workflows/testarch/bmad-testarch-atdd/steps-c/step-01b-resume.md","0012c1f398c03389c4c0b9833f1ef7bbbb59e886837d09160790757528d63a02"
"md","step-01b-resume","tea","tea/workflows/testarch/bmad-testarch-automate/steps-c/step-01b-resume.md","964342ec321adc0397ddbf51dd3c0e194b406b752d948ae9a115b5898c8b65e9"
"md","step-01b-resume","tea","tea/workflows/testarch/bmad-testarch-ci/steps-c/step-01b-resume.md","12de739385eaf55e31aaed64b8608324d3c6fd247f22378a630810cbace44798"
"md","step-01b-resume","tea","tea/workflows/testarch/bmad-testarch-framework/steps-c/step-01b-resume.md","25e2623397b2144f50bd0906186d72117a9c005e75583e0e3968111e3fdaef4b"
"md","step-01b-resume","tea","tea/workflows/testarch/bmad-testarch-nfr/steps-c/step-01b-resume.md","43f7133fd110c9c8aa3edab7f02a344f08aaa7bcfd70ae8ed9803ff670dabc22"
"md","step-01b-resume","tea","tea/workflows/testarch/bmad-testarch-test-design/steps-c/step-01b-resume.md","490487dca414ed1a072acb0cc8f496d825b14dd3b06870823ee852d484c6f4fc"
"md","step-01b-resume","tea","tea/workflows/testarch/bmad-testarch-test-review/steps-c/step-01b-resume.md","9171e8dabce907994fd7181d3fa42364c661b53da3887bb8dc5930cca6534a86"
"md","step-01b-resume","tea","tea/workflows/testarch/bmad-testarch-trace/steps-c/step-01b-resume.md","e651392598418fdb754c6f709a9090290e3328599b02f61d7ef95ecf58836fc5"
"md","step-02-apply-edit","tea","tea/workflows/testarch/bmad-testarch-atdd/steps-e/step-02-apply-edit.md","1bab9f0a282b0706ae7f3fe866ae9743561d62e31b55ec71a3c8b8c805eb1b86"
"md","step-02-apply-edit","tea","tea/workflows/testarch/bmad-testarch-automate/steps-e/step-02-apply-edit.md","1bab9f0a282b0706ae7f3fe866ae9743561d62e31b55ec71a3c8b8c805eb1b86"
"md","step-02-apply-edit","tea","tea/workflows/testarch/bmad-testarch-ci/steps-e/step-02-apply-edit.md","1bab9f0a282b0706ae7f3fe866ae9743561d62e31b55ec71a3c8b8c805eb1b86"
"md","step-02-apply-edit","tea","tea/workflows/testarch/bmad-testarch-framework/steps-e/step-02-apply-edit.md","1bab9f0a282b0706ae7f3fe866ae9743561d62e31b55ec71a3c8b8c805eb1b86"
"md","step-02-apply-edit","tea","tea/workflows/testarch/bmad-testarch-nfr/steps-e/step-02-apply-edit.md","1bab9f0a282b0706ae7f3fe866ae9743561d62e31b55ec71a3c8b8c805eb1b86"
"md","step-02-apply-edit","tea","tea/workflows/testarch/bmad-testarch-test-design/steps-e/step-02-apply-edit.md","1bab9f0a282b0706ae7f3fe866ae9743561d62e31b55ec71a3c8b8c805eb1b86"
"md","step-02-apply-edit","tea","tea/workflows/testarch/bmad-testarch-test-review/steps-e/step-02-apply-edit.md","1bab9f0a282b0706ae7f3fe866ae9743561d62e31b55ec71a3c8b8c805eb1b86"
"md","step-02-apply-edit","tea","tea/workflows/testarch/bmad-testarch-trace/steps-e/step-02-apply-edit.md","1bab9f0a282b0706ae7f3fe866ae9743561d62e31b55ec71a3c8b8c805eb1b86"
"md","step-02-assess","tea","tea/workflows/testarch/bmad-teach-me-testing/steps-c/step-02-assess.md","fc59314f431976a371ecf29dabc99684cec6a532e99a583b30419a5aa13b2a73"
"md","step-02-define-thresholds","tea","tea/workflows/testarch/bmad-testarch-nfr/steps-c/step-02-define-thresholds.md","044f8ffec7060b5e2a9edd6a0a547e57f2f4cc6c01dd8bc603231ca66e31a82a"
"md","step-02-discover-tests","tea","tea/workflows/testarch/bmad-testarch-test-review/steps-c/step-02-discover-tests.md","3fbe737fc42d34ac6da4cedccba15f2b3173156b5e04054bca736ea62b9b1b8d"
"md","step-02-discover-tests","tea","tea/workflows/testarch/bmad-testarch-trace/steps-c/step-02-discover-tests.md","4e8d0acb418262b8be85a47604c097fcc9ba7338817ac2a93397544416790e1e"
"md","step-02-generate-pipeline","tea","tea/workflows/testarch/bmad-testarch-ci/steps-c/step-02-generate-pipeline.md","bbd4593886731b5b5692f99507831d8cf017e84d47809fef1ceda8c1676fa033"
"md","step-02-generation-mode","tea","tea/workflows/testarch/bmad-testarch-atdd/steps-c/step-02-generation-mode.md","9ee0e84f48025fb925d5a0a15f2325e7c4b9a9c5121119d0333c8688ddfec176"
"md","step-02-identify-targets","tea","tea/workflows/testarch/bmad-testarch-automate/steps-c/step-02-identify-targets.md","0d1a28f43a5dcd058b66e17f2d081ff7c1c7e41a2ac2e7495c95b06df06c5f5b"
"md","step-02-load-context","tea","tea/workflows/testarch/bmad-testarch-test-design/steps-c/step-02-load-context.md","c5dd63bcdbb38571700b92466e7ff4d5d992b73fef20fec2fed08891cc2e2b01"
"md","step-02-select-framework","tea","tea/workflows/testarch/bmad-testarch-framework/steps-c/step-02-select-framework.md","958ad94c65003793c20f6ecc0d9ced2b3f4ae3f3990332129dc8d8894fb41a54"
"md","step-03-configure-quality-gates","tea","tea/workflows/testarch/bmad-testarch-ci/steps-c/step-03-configure-quality-gates.md","619082ff171c08f88340f4ade8a4080a4f0173d22de2725fa09c11b7b6a99475"
"md","step-03-gather-evidence","tea","tea/workflows/testarch/bmad-testarch-nfr/steps-c/step-03-gather-evidence.md","161b3d30ff4296c3097a55ebe62816dc3364961f9596aa69256369cecc34ee1d"
"md","step-03-generate-tests","tea","tea/workflows/testarch/bmad-testarch-automate/steps-c/step-03-generate-tests.md","5be55887f41b4387de6ab15085b3b9049ed1eec96d16b2b3673145753cf5baf6"
"md","step-03-map-criteria","tea","tea/workflows/testarch/bmad-testarch-trace/steps-c/step-03-map-criteria.md","6c29e8d225accf4ab5dad033cb3f0a9e433234f4b029060adc2dfeccaaad69ff"
"md","step-03-quality-evaluation","tea","tea/workflows/testarch/bmad-testarch-test-review/steps-c/step-03-quality-evaluation.md","65d6b9c1810664e1676dc5efb0d9a452f0331fcd25e3e10cb51caa93e9960870"
"md","step-03-risk-and-testability","tea","tea/workflows/testarch/bmad-testarch-test-design/steps-c/step-03-risk-and-testability.md","bcc4e25eef2df5aea73fc1b1c38fe13e9754f24716bc6e5dfa69f88ad7777ca0"
"md","step-03-scaffold-framework","tea","tea/workflows/testarch/bmad-testarch-framework/steps-c/step-03-scaffold-framework.md","b1567d05a204b88eb1e7ded75c8fe2f6ee4aa701feca09ee604c0a3a28952b54"
"md","step-03-session-menu","tea","tea/workflows/testarch/bmad-teach-me-testing/steps-c/step-03-session-menu.md","c9b35b9645c500fd607679134875441b9eb940cbf5853931adeba92cc70d0c0a"
"md","step-03-test-strategy","tea","tea/workflows/testarch/bmad-testarch-atdd/steps-c/step-03-test-strategy.md","d3170c76f83388eb1ca483558c1475a33bcb33c5071747dc6b887919d1f5b1fe"
"md","step-03a-subagent-api","tea","tea/workflows/testarch/bmad-testarch-automate/steps-c/step-03a-subagent-api.md","e7fc5eefb2c339d647b2e893e3ab1fac9e4b01b4d6a330f1e7889b9e0dd03132"
"md","step-03a-subagent-determinism","tea","tea/workflows/testarch/bmad-testarch-test-review/steps-c/step-03a-subagent-determinism.md","51868b0a1055e4c69c50bf9ba6ca194e5df1f7b79ab77d05ad1f6bd00b908897"
"md","step-03b-subagent-backend","tea","tea/workflows/testarch/bmad-testarch-automate/steps-c/step-03b-subagent-backend.md","c3c10bc41e0ce0f29b7fc65ed28dbab8b33c7adc1fde52b5c6959d25f1df4f88"
"md","step-03b-subagent-e2e","tea","tea/workflows/testarch/bmad-testarch-automate/steps-c/step-03b-subagent-e2e.md","1bc299c0079639550b922dfd5358a8689a345d056f071f845bd7c41899ac154a"
"md","step-03b-subagent-isolation","tea","tea/workflows/testarch/bmad-testarch-test-review/steps-c/step-03b-subagent-isolation.md","4e5f9f983ed9d65c613226c451b1cae11e38cabc4b1bffe197ab5bdbd933025a"
"md","step-03c-aggregate","tea","tea/workflows/testarch/bmad-testarch-automate/steps-c/step-03c-aggregate.md","bc05fe070b5c88c626b2351bbac4314625ea683c5dfef76cb17717fdb7d6a82b"
"md","step-03c-subagent-maintainability","tea","tea/workflows/testarch/bmad-testarch-test-review/steps-c/step-03c-subagent-maintainability.md","98e6da35435a7da19d0e92975c4d3f0e1fd5b99dadeebe318665a2970ae73cd5"
"md","step-03e-subagent-performance","tea","tea/workflows/testarch/bmad-testarch-test-review/steps-c/step-03e-subagent-performance.md","a17ba4d114757da4457f51536012d153cfc42b76f3a32c54846737698dd46d0b"
"md","step-03f-aggregate-scores","tea","tea/workflows/testarch/bmad-testarch-test-review/steps-c/step-03f-aggregate-scores.md","5ed033dc182b71b92d4872bdf4eddde59c5b18e3b54dc65bbe49f5011c25ad12"
"md","step-04-analyze-gaps","tea","tea/workflows/testarch/bmad-testarch-trace/steps-c/step-04-analyze-gaps.md","cda71e008da2dfee7c6a6e2d9e8c2fe4f977074f7e0f0093f43d166c82db0719"
"md","step-04-coverage-plan","tea","tea/workflows/testarch/bmad-testarch-test-design/steps-c/step-04-coverage-plan.md","1abfc3750bd4d8c9a1c75ecb1fca1998f45b33d6b781751de8bc072b32c1ad65"
"md","step-04-docs-and-scripts","tea","tea/workflows/testarch/bmad-testarch-framework/steps-c/step-04-docs-and-scripts.md","a36e99ebc133e18f784d75d8f42109d019f2295eaf0315addb8a5726c7a61a48"
"md","step-04-evaluate-and-score","tea","tea/workflows/testarch/bmad-testarch-nfr/steps-c/step-04-evaluate-and-score.md","fb1e647fdaadbf1959f9823726b25cae4fa8716aacc3c1c45f50c7fbca6c391c"
"md","step-04-generate-report","tea","tea/workflows/testarch/bmad-testarch-test-review/steps-c/step-04-generate-report.md","c60e9ba9ec233d56d0c572cf0e98bb7e46efea27ba5a29041c3a427712ddd003"
"md","step-04-generate-tests","tea","tea/workflows/testarch/bmad-testarch-atdd/steps-c/step-04-generate-tests.md","1d7d97388b8aff1e9ce2cddf7d7d606d6b82d4d15078d9aab1e4ace5b01aa62f"
"md","step-04-session-01","tea","tea/workflows/testarch/bmad-teach-me-testing/steps-c/step-04-session-01.md","abab7d84c5f1f5fe0b5935a77629056adf3ae1604a4df453bfc0a51ba1304647"
"md","step-04-session-02","tea","tea/workflows/testarch/bmad-teach-me-testing/steps-c/step-04-session-02.md","e9a544982a4735413ecd579ce2989497f7f7a8767f78fc85f9a78b8524035601"
"md","step-04-session-03","tea","tea/workflows/testarch/bmad-teach-me-testing/steps-c/step-04-session-03.md","c151a74acf70e6cc8057cda58ff754099c0518154a44d3e44e36a9550793b36d"
"md","step-04-session-04","tea","tea/workflows/testarch/bmad-teach-me-testing/steps-c/step-04-session-04.md","0d2488945b2e1bb2e2c772040f9202e8cfb13f6c318ee265df3ef65eea7574da"
"md","step-04-session-05","tea","tea/workflows/testarch/bmad-teach-me-testing/steps-c/step-04-session-05.md","dc7e59d103c2097b37e7d61c52a481fd608d235aea066456f04f363f5179e086"
"md","step-04-session-06","tea","tea/workflows/testarch/bmad-teach-me-testing/steps-c/step-04-session-06.md","5c4c80c67e6a1e66ca5cf1387cad0c128146d502ef8fff25775e235a584d33ab"
"md","step-04-session-07","tea","tea/workflows/testarch/bmad-teach-me-testing/steps-c/step-04-session-07.md","b6e5b6f7ebb4d80792504b25f78a1151644c399ba7c718bca211a8ff6594be2c"
"md","step-04-validate-and-summarize","tea","tea/workflows/testarch/bmad-testarch-automate/steps-c/step-04-validate-and-summarize.md","907a784a9c3a3d6932137cf80409f9751e1234c0367e8847b3276d86fccfddcd"
"md","step-04-validate-and-summary","tea","tea/workflows/testarch/bmad-testarch-ci/steps-c/step-04-validate-and-summary.md","869dc8e0aa749715d4116c6fe8623df1e29976d0fd5ad4f4dfc5589543541ad4"
"md","step-04a-subagent-api-failing","tea","tea/workflows/testarch/bmad-testarch-atdd/steps-c/step-04a-subagent-api-failing.md","150c8908c2b8b6314a584a241321c184b76ed8f67b7a7064adb0ff66bb597ed2"
"md","step-04a-subagent-security","tea","tea/workflows/testarch/bmad-testarch-nfr/steps-c/step-04a-subagent-security.md","e397ece88e646edd7decefcffae218077e23665e15c14fd2d41c56cd65c6cb4e"
"md","step-04b-subagent-e2e-failing","tea","tea/workflows/testarch/bmad-testarch-atdd/steps-c/step-04b-subagent-e2e-failing.md","acc42edab80a5618d764d0a255d07eb9076bae1f71d74cce8f3383d06c68332e"
"md","step-04b-subagent-performance","tea","tea/workflows/testarch/bmad-testarch-nfr/steps-c/step-04b-subagent-performance.md","de6f83e68ce242254767919b6a8e9b79575e75d407159c5a07e966c03d129c1d"
"md","step-04c-aggregate","tea","tea/workflows/testarch/bmad-testarch-atdd/steps-c/step-04c-aggregate.md","9f719ffbf6afc0083398ec665a50bf10764b3ad8fb562a8d45fb2f51e8ebad48"
"md","step-04c-subagent-reliability","tea","tea/workflows/testarch/bmad-testarch-nfr/steps-c/step-04c-subagent-reliability.md","8e418f4e9838264a7577a511135a20efc918b9baae56d4dc44d18f8888162564"
"md","step-04d-subagent-scalability","tea","tea/workflows/testarch/bmad-testarch-nfr/steps-c/step-04d-subagent-scalability.md","4e138676b99f92d9728fae91974ec260be93f151eec753764a364a76e394152e"
"md","step-04e-aggregate-nfr","tea","tea/workflows/testarch/bmad-testarch-nfr/steps-c/step-04e-aggregate-nfr.md","38642fca4c37a0da53c1313e6bf90093ebd2e1867103c497d868a2ec81ddeb74"
"md","step-05-completion","tea","tea/workflows/testarch/bmad-teach-me-testing/steps-c/step-05-completion.md","6a522818bec8615ec44ee496b025364fce8ad15dc39db97e76e66d8629d153ae"
"md","step-05-gate-decision","tea","tea/workflows/testarch/bmad-testarch-trace/steps-c/step-05-gate-decision.md","0485065c4bdb43f03625868c92a7a0695f07009ba8f3d43b25da758a35812620"
"md","step-05-generate-output","tea","tea/workflows/testarch/bmad-testarch-test-design/steps-c/step-05-generate-output.md","24f626a0650d932e82c04a67b9a58dbf8c09471d6a79469da4e075885d552a4f"
"md","step-05-generate-report","tea","tea/workflows/testarch/bmad-testarch-nfr/steps-c/step-05-generate-report.md","1b7a4773ccf84efc5932357fd2c2bd370aa890b62b3be1c3f74c7aeb2a2b9b63"
"md","step-05-validate-and-complete","tea","tea/workflows/testarch/bmad-testarch-atdd/steps-c/step-05-validate-and-complete.md","cc0d6754bb757a33c3a42d5ea904685b189a5e17a8b4fbeec08fb5bd7c108760"
"md","step-05-validate-and-summary","tea","tea/workflows/testarch/bmad-testarch-framework/steps-c/step-05-validate-and-summary.md","b63a1a0e562d5f6db1bdf05f12e9001a1a29fc539b55ea840b7f98f6082eeb27"
"md","step-e-01-assess-workflow","tea","tea/workflows/testarch/bmad-teach-me-testing/steps-e/step-e-01-assess-workflow.md","69efe382e2c34c40c708cc78983f9da17bc03dadbe48d404cf5fff5a41064af6"
"md","step-e-02-apply-edits","tea","tea/workflows/testarch/bmad-teach-me-testing/steps-e/step-e-02-apply-edits.md","e80344a593f15a80c0d9883592ba54fbef2934a4b9d2b5abd892f554a70dc11a"
"md","step-v-01-validate","tea","tea/workflows/testarch/bmad-teach-me-testing/steps-v/step-v-01-validate.md","44e3299dd821040695106119643d70ad67cf1f7b050794b0c578c83e2476fa7f"
"md","test-design-architecture-template","tea","tea/workflows/testarch/bmad-testarch-test-design/test-design-architecture-template.md","dc3317f4b22d2410429acee64f09e043bd677a09335127c65652b40b916cd469"
"md","test-design-handoff-template","tea","tea/workflows/testarch/bmad-testarch-test-design/test-design-handoff-template.md","2569b545622917e0ece923dd8771aacf0a59ca888793fda492484830f7228b6f"
"md","test-design-qa-template","tea","tea/workflows/testarch/bmad-testarch-test-design/test-design-qa-template.md","0bbd9630d237775aca9aa7b0e8e1c886b351e10e93b492c8f5281bea9af845ee"
"md","test-design-template","tea","tea/workflows/testarch/bmad-testarch-test-design/test-design-template.md","8d4c76b447400f5f7a6d35a8f8f438da76c4200526f01972a4f8e4bddf4b5646"
"md","test-healing-patterns","tea","tea/testarch/knowledge/test-healing-patterns.md","34f05dc40b5ead05d9c68299cb1a46f819338a4c8c928ab550a593e17f2b5464"
"md","test-levels-framework","tea","tea/testarch/knowledge/test-levels-framework.md","5397ad467351c55a6c8ee0d7f2fc6fce3d123a0bee35c01af0f71aa90d8bd0ea"
"md","test-priorities-matrix","tea","tea/testarch/knowledge/test-priorities-matrix.md","9f026da4038166ce8c3cc8aaedc9ca32b99eae75a053d5301c07bc53442a7788"
"md","test-quality","tea","tea/testarch/knowledge/test-quality.md","01552faa4496926c4e4badf03ff7c0b17fbf3e5647c3a79348c6e4932602955e"
"md","test-review-template","tea","tea/workflows/testarch/bmad-testarch-test-review/test-review-template.md","a5b4ea89a0936605c0e454db07013676458f889bef5c536a211cda401e8165fb"
"md","timing-debugging","tea","tea/testarch/knowledge/timing-debugging.md","74304e8e924f1ae21be4edcdea149442a8ee1d5ad23a5388dc32c0cf3f8135e7"
"md","trace-template","tea","tea/workflows/testarch/bmad-testarch-trace/trace-template.md","d58d9e9de635bb9eebf3a449fe66aa99e998256187204bac59033d5603d8ec24"
"md","validation-report-20260127-095021","tea","tea/workflows/testarch/bmad-testarch-atdd/validation-report-20260127-095021.md","8ad16b678e08ec75a41bc2893db7ae8ad2be8cf229d9c8393b45fba310161e04"
"md","validation-report-20260127-095021","tea","tea/workflows/testarch/bmad-testarch-automate/validation-report-20260127-095021.md","76003bc6af51d5d5fa99ab5e4f2762f521f49b5543789399b8b56b917e6c3ae4"
"md","validation-report-20260127-095021","tea","tea/workflows/testarch/bmad-testarch-ci/validation-report-20260127-095021.md","510e83e1909f93be68d337284e56e129a97b81d529ed37231d6b2f62c8e3de31"
"md","validation-report-20260127-095021","tea","tea/workflows/testarch/bmad-testarch-framework/validation-report-20260127-095021.md","0ffbf0dd8732a2d43825235965670b6f8255a06a131caeb92f8f6afad22240ad"
"md","validation-report-20260127-095021","tea","tea/workflows/testarch/bmad-testarch-nfr/validation-report-20260127-095021.md","c0e196e2fa452cce54d1b82da1501d58eb7f6509885da1879bcd316634764f68"
"md","validation-report-20260127-095021","tea","tea/workflows/testarch/bmad-testarch-test-design/validation-report-20260127-095021.md","2c9df60896256ea91555fcdcb3c3d5b38d47003fa0d5b1216466a6599b53d0ed"
"md","validation-report-20260127-095021","tea","tea/workflows/testarch/bmad-testarch-test-review/validation-report-20260127-095021.md","e3c761b0beb35bedf5be5170725571eb60a8d0853d219aa6c2cbf7548b058dc0"
"md","validation-report-20260127-095021","tea","tea/workflows/testarch/bmad-testarch-trace/validation-report-20260127-095021.md","4c3df5b3b9fb51dec9110094a9b073391c1f0befd5a5bd11ee3b681655581198"
"md","validation-report-20260127-102401","tea","tea/workflows/testarch/bmad-testarch-atdd/validation-report-20260127-102401.md","7660056ce91586ee251521f2afd70a37d8fde92c269d1ae0006165982aa798ed"
"md","validation-report-20260127-102401","tea","tea/workflows/testarch/bmad-testarch-automate/validation-report-20260127-102401.md","d771deda210ff0e247096c8d34acf3cb65a997a352d0e2b6b534b98b8257e12f"
"md","validation-report-20260127-102401","tea","tea/workflows/testarch/bmad-testarch-ci/validation-report-20260127-102401.md","d45297159f142aefcf2370174a30cd85f4e2b58598146ca8d34281a66a218c88"
"md","validation-report-20260127-102401","tea","tea/workflows/testarch/bmad-testarch-framework/validation-report-20260127-102401.md","42da2d087d43f5d17bc75b11c57090cf43edf1f6b6f5fc422cf8b31eca697a29"
"md","validation-report-20260127-102401","tea","tea/workflows/testarch/bmad-testarch-nfr/validation-report-20260127-102401.md","571818b6acd85778e6b5bb725c93db86e5c3854644b806cc341ed8d7b299247e"
"md","validation-report-20260127-102401","tea","tea/workflows/testarch/bmad-testarch-test-design/validation-report-20260127-102401.md","a3f1a46ee45c25a0b8594f1c0680473c360ff5f234e22e342074f0d795c1916d"
"md","validation-report-20260127-102401","tea","tea/workflows/testarch/bmad-testarch-test-review/validation-report-20260127-102401.md","ef89f3a406cc7cca093ef12054cc0e5b23d3f17acba065130e1bf88520945fe4"
"md","validation-report-20260127-102401","tea","tea/workflows/testarch/bmad-testarch-trace/validation-report-20260127-102401.md","41c2741d65c4ba9a05cfa7ce9c44c97670abda4b2dd2c6f5303fd13584bb35d9"
"md","visual-debugging","tea","tea/testarch/knowledge/visual-debugging.md","f69b99d75a0b91573f6f602c7eb4f23b769a30a405ead64ae440ecf2b5c7e566"
"md","workflow","tea","tea/workflows/testarch/bmad-teach-me-testing/workflow.md","d9d6450f9683ed47e774afe0784a934324fef7d8e27a748bce0a960f65c3a920"
"md","workflow","tea","tea/workflows/testarch/bmad-testarch-atdd/workflow.md","7e2c4376a7c8ca882119ffba2d37efcc2be0dba825ed6bf170f2e48a94db8521"
"md","workflow","tea","tea/workflows/testarch/bmad-testarch-automate/workflow.md","0e53a8b4e2ba998ebc29dfbc3fc90763cb167518a38495fd90d09deab900bfb0"
"md","workflow","tea","tea/workflows/testarch/bmad-testarch-ci/workflow.md","44ec806cf6085b71b42a384c72b2fc4d17d4b540933a499bfc633e251f19507d"
"md","workflow","tea","tea/workflows/testarch/bmad-testarch-framework/workflow.md","4ac7e25c996e13ba786dad14de093f10732f7c4874df9117e7ad5f4eec5b792b"
"md","workflow","tea","tea/workflows/testarch/bmad-testarch-nfr/workflow.md","1f363ab534d00a2b559cf3a90129963fe4b91d6d0b75c1d2e4c9a794dbb6c324"
"md","workflow","tea","tea/workflows/testarch/bmad-testarch-test-design/workflow.md","654c8555cf73c7bc2a2f8cc7800f0b5440b3a027d2d385e420f7a7ea18a8cc03"
"md","workflow","tea","tea/workflows/testarch/bmad-testarch-test-review/workflow.md","04857f0d2bbf8ff8ecdb6579c100ed0781455506817565ac660217ed29506fef"
"md","workflow","tea","tea/workflows/testarch/bmad-testarch-trace/workflow.md","3b1d245438f1365cc1cc9a71ca3d8f7e7f34c62cea69b60ec43d84b1c9a9023b"
"md","workflow-plan","tea","tea/workflows/testarch/bmad-testarch-atdd/workflow-plan.md","28b265f8a3b950a92454632a0d78faa3a40b096f85714187455ab5d495787437"
"md","workflow-plan","tea","tea/workflows/testarch/bmad-testarch-automate/workflow-plan.md","cd569f2f23791b3223778af6461492f02909ae029ce14899feaf4f9e112f2956"
"md","workflow-plan","tea","tea/workflows/testarch/bmad-testarch-ci/workflow-plan.md","98c0a7ffdc946500c4cf5358ba99559f59c6cbc9c09154d8e477a87b90891952"
"md","workflow-plan","tea","tea/workflows/testarch/bmad-testarch-framework/workflow-plan.md","a3f83191c092720228f5f9f6e17c97b1eed0967f58bb1b7e54c51b0ca6e49221"
"md","workflow-plan","tea","tea/workflows/testarch/bmad-testarch-nfr/workflow-plan.md","968c84d8ea3e2ea6b248d2298aff79bc1b00ecab34113ab61ead788cc4f6a1d2"
"md","workflow-plan","tea","tea/workflows/testarch/bmad-testarch-test-design/workflow-plan.md","981e2c1fe7c701ad33e52ed62a691d747ec8b6b2a5c20637c4d4314914e49470"
"md","workflow-plan","tea","tea/workflows/testarch/bmad-testarch-test-review/workflow-plan.md","f92e323bb2a786edc3e2377325c3f7efd2cfdebe27a36f9bc94b0cc8149c08f6"
"md","workflow-plan","tea","tea/workflows/testarch/bmad-testarch-trace/workflow-plan.md","b021c4f55d751b14c96853f1559fb3a6eb044608c4a39ea56bde0ef5d6869692"
"md","workflow-plan-teach-me-testing","tea","tea/workflows/testarch/bmad-teach-me-testing/workflow-plan-teach-me-testing.md","cbe4dd7050af4342eb26868070b4a5a8350249dd038b2b0d2edd7fa258c8f93f"
"yaml","azure-pipelines-template","tea","tea/workflows/testarch/bmad-testarch-ci/azure-pipelines-template.yaml","d4e48de5edc5603872995a15289c736a26cee61b1f0c634fef2c7e957deadb3d"
"yaml","bmad-skill-manifest","tea","tea/agents/tea-agent-testarch/bmad-skill-manifest.yaml","780e8b78104877837eb2d292b490cde117583cc2ddfa203ae2a01dfd3be55564"
"yaml","bmad-skill-manifest","tea","tea/workflows/testarch/bmad-teach-me-testing/bmad-skill-manifest.yaml","fba78c307309490c064510a2d87d29e608120d600a705fd1d6b110adbdb68e63"
"yaml","bmad-skill-manifest","tea","tea/workflows/testarch/bmad-testarch-atdd/bmad-skill-manifest.yaml","fba78c307309490c064510a2d87d29e608120d600a705fd1d6b110adbdb68e63"
"yaml","bmad-skill-manifest","tea","tea/workflows/testarch/bmad-testarch-automate/bmad-skill-manifest.yaml","fba78c307309490c064510a2d87d29e608120d600a705fd1d6b110adbdb68e63"
"yaml","bmad-skill-manifest","tea","tea/workflows/testarch/bmad-testarch-ci/bmad-skill-manifest.yaml","fba78c307309490c064510a2d87d29e608120d600a705fd1d6b110adbdb68e63"
"yaml","bmad-skill-manifest","tea","tea/workflows/testarch/bmad-testarch-framework/bmad-skill-manifest.yaml","fba78c307309490c064510a2d87d29e608120d600a705fd1d6b110adbdb68e63"
"yaml","bmad-skill-manifest","tea","tea/workflows/testarch/bmad-testarch-nfr/bmad-skill-manifest.yaml","fba78c307309490c064510a2d87d29e608120d600a705fd1d6b110adbdb68e63"
"yaml","bmad-skill-manifest","tea","tea/workflows/testarch/bmad-testarch-test-design/bmad-skill-manifest.yaml","fba78c307309490c064510a2d87d29e608120d600a705fd1d6b110adbdb68e63"
"yaml","bmad-skill-manifest","tea","tea/workflows/testarch/bmad-testarch-test-review/bmad-skill-manifest.yaml","fba78c307309490c064510a2d87d29e608120d600a705fd1d6b110adbdb68e63"
"yaml","bmad-skill-manifest","tea","tea/workflows/testarch/bmad-testarch-trace/bmad-skill-manifest.yaml","fba78c307309490c064510a2d87d29e608120d600a705fd1d6b110adbdb68e63"
"yaml","config","tea","tea/config.yaml","693e99b05c26cd02b15206d0d0fb4b7a42a1b2a6e8452a3ecc18475c09253dc4"
"yaml","curriculum","tea","tea/workflows/testarch/bmad-teach-me-testing/data/curriculum.yaml","28bc2598bdf32fb62d3f248aa93e8849538fa1719bf0e0f7e273f4761c6f29b8"
"yaml","github-actions-template","tea","tea/workflows/testarch/bmad-testarch-ci/github-actions-template.yaml","ab958973e3db5f207c02aca9382f918754d516bf1c93b6aae3b17174210e84d3"
"yaml","gitlab-ci-template","tea","tea/workflows/testarch/bmad-testarch-ci/gitlab-ci-template.yaml","a5b151216164f463fc5dd5f23087a361cdfd60a67e0b150be962c18323ef75fe"
"yaml","harness-pipeline-template","tea","tea/workflows/testarch/bmad-testarch-ci/harness-pipeline-template.yaml","204b29940ec6b230a9d15d04290c260aa5c1b67795af6cdcfe686e5b3d1811f3"
"yaml","progress-template","tea","tea/workflows/testarch/bmad-teach-me-testing/templates/progress-template.yaml","4220c120a19dda4ee3c9a1e9b7cccd3f0a32016c553f58722fcc69d4dafac202"
"yaml","quiz-questions","tea","tea/workflows/testarch/bmad-teach-me-testing/data/quiz-questions.yaml","a308173a406edb8f2ab05d373640565c2f677463cdbcbae866ce5c811ce121c7"
"yaml","role-paths","tea","tea/workflows/testarch/bmad-teach-me-testing/data/role-paths.yaml","8cc2b2ae0f6fe1d5230702813de078a042ce228e23a184a17bff314cb9f7df2c"
"yaml","session-content-map","tea","tea/workflows/testarch/bmad-teach-me-testing/data/session-content-map.yaml","2d98160bb74341e727e0aae425b31780c12375cf91aaa00431f2c137bccc9869"
"yaml","tea-resources-index","tea","tea/workflows/testarch/bmad-teach-me-testing/data/tea-resources-index.yaml","46cf66cc9c96086f58ee51d8b9c588018485e835376881384e2064ee799ad5b2"
"yaml","workflow","tea","tea/workflows/testarch/bmad-testarch-atdd/workflow.yaml","ffd8e91c8e2f0b69606073021c30b96691b51ad4fcf2adfaad3784f372cf0d14"
"yaml","workflow","tea","tea/workflows/testarch/bmad-testarch-automate/workflow.yaml","31aa0de4052cbe9897d830fca64e75b1ad02619b5fea0e47bd6187a67b42f37e"
"yaml","workflow","tea","tea/workflows/testarch/bmad-testarch-ci/workflow.yaml","2b0dcde0dfcd0756f3d4ffb5d15f645b6972fce37807cfaf74c120d89bfa111a"
"yaml","workflow","tea","tea/workflows/testarch/bmad-testarch-framework/workflow.yaml","96bd1a10c3f9b02aa16b5c6e449e31091e3b89c1ea11a587fd111383d7fd81fc"
"yaml","workflow","tea","tea/workflows/testarch/bmad-testarch-nfr/workflow.yaml","3c6d34a1e445788ab3e53e9516826a0edd0376e4623da0961453270064356f7d"
"yaml","workflow","tea","tea/workflows/testarch/bmad-testarch-test-design/workflow.yaml","28ee3aa36cb61e425073567cbb380ba8d2b6ade33db983fd122af4ec58d2bc12"
"yaml","workflow","tea","tea/workflows/testarch/bmad-testarch-test-review/workflow.yaml","f9f22380b038a4bdf8dbbbf56d7102c8082362aa00d56199b9b18bc6944f7339"
"yaml","workflow","tea","tea/workflows/testarch/bmad-testarch-trace/workflow.yaml","911ff31fab73ade6d95c3e798f560104e2fd3f4c0d0ae3c142d63d74a1f70bcd"
